case_id,rule,N,method,n,bias,rmse,median_abs_error,median_total_runtime_s,median_evaluation_time_s,p90_abs_error,complete_paired_comparison,rmse_ratio_reduced_current,runtime_ratio_reduced_current
gaussian_moderate_d5,iid_mc,256,current_indicator,30,-0.009058008380149063,0.03007653523170542,0.021484375,0.00039152,0.0003719375,0.047339258380149074,true,0.22675521021246026,1.67142546996322
gaussian_moderate_d5,iid_mc,256,reduced_conditional,30,-0.0014930674362143839,0.0068200110689278295,0.004397158049315744,0.0006543965,0.000635438,0.0097330841736427,true,0.22675521021246026,1.67142546996322
gaussian_moderate_d5,iid_mc,1024,current_indicator,30,-7.363338014906295e-5,0.01346496443561127,0.00927734375,0.0015507084999999998,0.0015178125,0.021167383380149063,true,0.2621650871384011,1.6604377934344208
gaussian_moderate_d5,iid_mc,1024,reduced_conditional,30,-0.0006576654071833517,0.0035300435745775007,0.002545720092531595,0.002574855,0.0025420625,0.006371733515017131,true,0.2621650871384011,1.6604377934344208
gaussian_moderate_d5,iid_mc,4096,current_indicator,30,-0.0008955734843157297,0.006703968879521154,0.00439453125,0.0063276675,0.0062353545,0.008529960483380752,true,0.1948851568666523,1.615978557659675
gaussian_moderate_d5,iid_mc,4096,reduced_conditional,30,-6.796565537298867e-5,0.0013065040267146355,0.0009818531279055243,0.010225375000000002,0.0101414375,0.002033665963233886,true,0.1948851568666523,1.615978557659675
gaussian_moderate_d5,iid_mc,16384,current_indicator,30,-0.000958643145774063,0.003382974846736845,0.001373291015625,0.025007416499999997,0.024751166499999998,0.004641426235369253,true,0.2395180336222876,1.6402350678647677
gaussian_moderate_d5,iid_mc,16384,reduced_conditional,30,-0.0004007481449109229,0.0008102834830840689,0.0006609695045136782,0.041018041500000005,0.04077325,0.0013909091847783192,true,0.2395180336222876,1.6402350678647677
gaussian_moderate_d5,iid_mc,65536,current_indicator,30,3.826440630927038e-5,0.001543916325955964,0.001068115234375,0.10105025000000001,0.099965146,0.0020725347473365637,true,0.25086146734280945,1.6187499140279216
gaussian_moderate_d5,iid_mc,65536,reduced_conditional,30,9.819309011766901e-6,0.0003873091149838324,0.0003143475623966774,0.1635750835,0.1626340205,0.0005558699255117788,true,0.25086146734280945,1.6187499140279216
gaussian_moderate_d5,randomized_halton,256,current_indicator,30,-0.0009850917134823962,0.01155648425893564,0.004223241619850937,0.0009619385,0.000365167,0.019214258380149063,true,0.056117293437794875,1.2941965624621532
gaussian_moderate_d5,randomized_halton,256,reduced_conditional,30,4.803149056210876e-5,0.0006485186182679488,0.00044627095025634445,0.0012449375,0.000636938,0.001057226061390343,true,0.056117293437794875,1.2941965624621532
gaussian_moderate_d5,randomized_halton,1024,current_indicator,30,-0.0006921229634823963,0.00554161081171607,0.002612695880149063,0.002901688,0.001432313,0.010522852130149064,true,0.02973226925779309,1.395143275224628
gaussian_moderate_d5,randomized_halton,1024,reduced_conditional,30,-1.3069508861384322e-5,0.00016476466477583952,0.00011028957832961983,0.0040482705,0.002568562,0.0002851053178427043,true,0.02973226925779309,1.395143275224628
gaussian_moderate_d5,randomized_halton,4096,current_indicator,30,-0.0008386073384823963,0.002045460489353682,0.001220703125,0.009549895499999999,0.005583312,0.0034427740051490643,true,0.020574694328827362,1.4514208035051275
gaussian_moderate_d5,randomized_halton,4096,reduced_conditional,30,-9.883756342921047e-7,4.208472433014564e-5,3.242938494112113e-5,0.013860917,0.0102556045,6.923670389757663e-5,true,0.020574694328827362,1.4514208035051275
gaussian_moderate_d5,randomized_halton,16384,current_indicator,30,-4.460203065729621e-6,0.0008461702736033668,0.000720606036399063,0.033911438,0.0212570205,0.0013118646667259373,true,0.01483268466584552,1.5704300714113038
gaussian_moderate_d5,randomized_halton,16384,reduced_conditional,30,9.933901843423022e-7,1.2550976841970967e-5,8.97857459290774e-6,0.053255542,0.040818208499999994,1.937465417803652e-5,true,0.01483268466584552,1.5704300714113038
gaussian_moderate_d5,randomized_halton,65536,current_indicator,30,-8.020587180312955e-6,0.0003174486927472018,0.00019073486328125,0.1379325005,0.0824527915,0.00046883601686781306,true,0.009440565724165214,1.5501670434808075
gaussian_moderate_d5,randomized_halton,65536,reduced_conditional,30,4.7537827341792573e-7,2.9968952479302877e-6,2.2749568488189542e-6,0.2138184165,0.1629755,4.568078110106513e-6,true,0.009440565724165214,1.5501670434808075
gaussian_moderate_d5,shifted_lattice,256,current_indicator,30,-0.002808008380149063,0.010963101685334646,0.008129491619850937,0.0004089795,0.000365333,0.015308008380149063,true,0.057599320961705246,1.6684308137693944
gaussian_moderate_d5,shifted_lattice,256,reduced_conditional,30,-9.680949551569654e-6,0.000631467212709402,0.0005733074491911933,0.000682354,0.0006347915,0.0008644556698361838,true,0.057599320961705246,1.6684308137693944
gaussian_moderate_d5,shifted_lattice,1024,current_indicator,30,0.00012167911985093705,0.004342742255809709,0.002612695880149063,0.001558104,0.001439229,0.007284843295880751,true,0.039322379536796875,1.715479839599924
gaussian_moderate_d5,shifted_lattice,1024,reduced_conditional,30,-1.4966865208060343e-5,0.0001707669592134348,0.00014439650881890864,0.002672896,0.0025557915,0.0002626292244159889,true,0.039322379536796875,1.715479839599924
gaussian_moderate_d5,shifted_lattice,4096,current_indicator,30,0.0008296869323509371,0.0017847181781320606,0.000927343182350937,0.005967999999999999,0.005582146,0.003002538494850937,true,0.0327008042577394,1.7672830931635393
gaussian_moderate_d5,shifted_lattice,4096,reduced_conditional,30,8.459550177599325e-6,5.8361719798325794e-5,3.3423170489543796e-5,0.0105471455,0.010161479000000001,7.988446092308256e-5,true,0.0327008042577394,1.7672830931635393
gaussian_moderate_d5,shifted_lattice,16384,current_indicator,30,-0.00010415095827406295,0.0013218048181632262,0.000885009765625,0.0232068335,0.0216802705,0.0022738569677557495,true,0.025103549864880517,1.811347786849076
gaussian_moderate_d5,shifted_lattice,16384,reduced_conditional,30,1.037325592119868e-5,3.3181993164399875e-5,2.9196956004798325e-5,0.042035646499999996,0.0405899165,4.965740993156942e-5,true,0.025103549864880517,1.811347786849076
gaussian_moderate_d5,shifted_lattice,65536,current_indicator,30,9.37046732363537e-5,0.0011420750323913721,0.001002893634055313,0.09056816649999999,0.0834971665,0.001739110760475937,true,0.033162234354280395,1.8770132218586981
gaussian_moderate_d5,shifted_lattice,65536,reduced_conditional,30,-6.327834074772628e-7,3.787375987433505e-5,3.915979659992186e-5,0.169997646,0.1620635835,5.137431822443417e-5,true,0.033162234354280395,1.8770132218586981
gaussian_moderate_d5,sobol_owen,256,current_indicator,30,0.0004471999531842704,0.009003033689779715,0.007495508380149063,0.0016007705,0.0003636045,0.012362968295880756,true,0.012364390038105568,1.1718572399978635
gaussian_moderate_d5,sobol_owen,256,reduced_conditional,30,-9.790624220330317e-6,0.00011131702006664113,9.219451484179797e-5,0.0018758745,0.000635271,0.00019132555326734635,true,0.012364390038105568,1.1718572399978635
gaussian_moderate_d5,sobol_owen,1024,current_indicator,30,-0.0016035812968157295,0.004985439117810378,0.00341796875,0.006192,0.0014294375000000002,0.006714258380149066,true,0.004834548631196817,1.181934996770026
gaussian_moderate_d5,sobol_owen,1024,reduced_conditional,30,-6.288186789873048e-7,2.4102347862925233e-5,1.3142304630509027e-5,0.007318541499999999,0.0025550835000000003,3.993795140541379e-5,true,0.004834548631196817,1.181934996770026
gaussian_moderate_d5,sobol_owen,4096,current_indicator,30,0.0002518874531842704,0.0016521188887279863,0.0009765625,0.0256264375,0.0056399165,0.0026272660791192507,true,0.0019477126718224404,1.183962831353363
gaussian_moderate_d5,sobol_owen,4096,reduced_conditional,30,5.497358912874099e-7,3.2178528949327075e-6,2.504273654266309e-6,0.0303407495,0.010220625,4.578924752490776e-6,true,0.0019477126718224404,1.183962831353363
gaussian_moderate_d5,sobol_owen,16384,current_indicator,30,6.267846880927037e-5,0.0007173300565885516,0.000518798828125,0.10712754199999999,0.021685457999999998,0.0011600591613990631,true,0.001133845289140403,1.1851171522258954
gaussian_moderate_d5,sobol_owen,16384,reduced_conditional,30,1.4982613522618315e-7,8.13341305421748e-7,4.007183824206173e-7,0.1269586875,0.040809125,1.3236300183294693e-6,true,0.001133845289140403,1.1851171522258954
gaussian_moderate_d5,sobol_owen,65536,current_indicator,30,-7.511960878229621e-6,0.000219379036478977,0.00015677433469468705,0.673554875,0.0835530835,0.00036965388796156295,true,0.0009013899768521383,1.116298461947885
gaussian_moderate_d5,sobol_owen,65536,reduced_conditional,30,1.7228613168514724e-8,1.9774606461362947e-7,1.506927465450003e-7,0.751888271,0.1628554375,2.9791908551513037e-7,true,0.0009013899768521383,1.116298461947885
gaussian_strong_d20,iid_mc,256,current_indicator,30,-0.004996725292958789,0.02927476860747749,0.024788391959625455,0.026672750500000002,0.026641479000000003,0.04092446356770037,true,0.6437827561506175,0.9553273480363413
gaussian_strong_d20,iid_mc,256,reduced_conditional,30,-0.0037434179943544718,0.018846591219793436,0.01316376428041413,0.025481207999999998,0.025453457999999998,0.03146536408962828,true,0.6437827561506175,0.9553273480363413
gaussian_strong_d20,iid_mc,1024,current_indicator,30,0.00043947262370787793,0.013501357358557274,0.0087890625,0.112768604,0.112699625,0.024212255182299636,true,0.6768362011004027,0.9020789864526477
gaussian_strong_d20,iid_mc,1024,reduced_conditional,30,0.0008014390709451739,0.009138207424264872,0.005156968453664562,0.101726188,0.101656417,0.017225392096055663,true,0.6768362011004027,0.9020789864526477
gaussian_strong_d20,iid_mc,4096,current_indicator,30,-0.001342753938792122,0.006290817538835768,0.004158509147125455,0.46568145800000005,0.46544833350000003,0.009759130182299638,true,0.6090094572658202,0.8733517332785881
gaussian_strong_d20,iid_mc,4096,reduced_conditional,30,-0.0008725082985446959,0.003831167375084674,0.002409977837991212,0.40670370850000004,0.406465688,0.006463811120724711,true,0.6090094572658202,0.8733517332785881
gaussian_strong_d20,iid_mc,16384,current_indicator,30,-0.000842265657542122,0.00344693943586255,0.0019755240559995446,1.8653871450000001,1.8640455834999998,0.0054463509440004585,true,0.6344371861927166,0.8729204483715899
gaussian_strong_d20,iid_mc,16384,reduced_conditional,30,-0.00019051962500603407,0.002186866556665346,0.0016747033911490017,1.628334583,1.6274198329999998,0.004031025243275426,true,0.6344371861927166,0.8729204483715899
gaussian_strong_d20,iid_mc,65536,current_indicator,8,0.0004267569661557946,0.0022653883942763413,0.0016856070638120446,7.9462587295,7.942734146,0.003087048678381432,false,NaN,NaN
gaussian_strong_d20,iid_mc,65536,reduced_conditional,8,0.00022064582073864913,0.0011364680658655446,0.0008807236914523675,6.5201965425,6.5141232505,0.00174018652863831,false,NaN,NaN
gaussian_strong_d20,randomized_halton,256,current_indicator,30,0.0028157747070412112,0.010755907511790994,0.0078125,0.0285182085,0.0271956245,0.018180358040374545,true,0.41493687694024156,0.9423883867038844
gaussian_strong_d20,randomized_halton,256,reduced_conditional,30,0.0007159622158494471,0.004463022671600639,0.0033426136346072777,0.0268752285,0.025795083000000003,0.007073150185518053,true,0.41493687694024156,0.9423883867038844
gaussian_strong_d20,randomized_halton,1024,current_indicator,30,-0.0002766732096254554,0.005573277904874611,0.004280579459625455,0.11641206200000001,0.1133894795,0.008512389290374546,true,0.3373189833979726,0.9114939953559107
gaussian_strong_d20,randomized_halton,1024,reduced_conditional,30,-0.0005713293852321184,0.0018799724370666864,0.0009174265446443841,0.1061088955,0.1029555835,0.0032006625245957496,true,0.3373189833979726,0.9114939953559107
gaussian_strong_d20,randomized_halton,4096,current_indicator,30,-0.0003010872721254554,0.00234507520018104,0.001953125,0.46835724999999995,0.4601668755,0.0040592291927003645,true,0.46048533519006574,0.8957135103598803
gaussian_strong_d20,randomized_halton,4096,reduced_conditional,30,4.297383033650311e-5,0.0010798727396012767,0.0008295431157612776,0.41951391650000003,0.41136281249999995,0.0016968716898446816,true,0.46048533519006574,0.8957135103598803
gaussian_strong_d20,randomized_halton,16384,current_indicator,30,-9.153323566712205e-5,0.001359885466933464,0.0009541634440004554,1.860376437,1.828848583,0.0022273919010496364,true,0.3167518634927834,0.9000543337348236
gaussian_strong_d20,randomized_halton,16384,reduced_conditional,30,-5.5802115082933165e-5,0.0004307462557879286,0.00032163819778358027,1.6744398745,1.645379813,0.0006910078272113485,true,0.3167518634927834,0.9000543337348236
gaussian_strong_d20,shifted_lattice,256,current_indicator,30,-0.0034342252929587887,0.013581442438490106,0.01171875,0.0269528965,0.026847896,0.018450536432299637,true,0.3291487786107747,0.9536645161680489
gaussian_strong_d20,shifted_lattice,256,reduced_conditional,30,0.00011804717228192282,0.00447031519040156,0.002624583379179063,0.025704021,0.0256493545,0.007608869620815647,true,0.3291487786107747,0.9536645161680489
gaussian_strong_d20,shifted_lattice,1024,current_indicator,30,-0.0014485482096254555,0.005806802332889621,0.0035319205403745446,0.112374771,0.1121965625,0.01054038018229964,true,0.43973298339025835,0.9127080089889571
gaussian_strong_d20,shifted_lattice,1024,reduced_conditional,30,0.000580338106356676,0.0025534425137990653,0.0016618478828266947,0.1025653535,0.10238562500000001,0.004380259603123765,true,0.43973298339025835,0.9127080089889571
gaussian_strong_d20,shifted_lattice,4096,current_indicator,30,0.00039064449870787794,0.002983539062802552,0.0019450064778745446,0.45864247950000003,0.4574987085,0.004851903619799636,true,0.4017042704957273,0.8916580752524909
gaussian_strong_d20,shifted_lattice,4096,reduced_conditional,30,0.00016116389179010409,0.0011985003827186052,0.000978647519577408,0.40895227050000005,0.4078914375,0.001994689780084269,true,0.4017042704957273,0.8916580752524909
gaussian_strong_d20,shifted_lattice,16384,current_indicator,30,0.0002034700195412113,0.0011261421282839068,0.0007853385091245446,1.8400492910000001,1.8309482085000002,0.001975524055999545,true,0.4660224465793106,0.8948400795856724
gaussian_strong_d20,shifted_lattice,16384,reduced_conditional,30,-2.4878509871982073e-5,0.0005248075098188981,0.00027276959027908165,1.646549854,1.640403584,0.0009535584196340097,true,0.4660224465793106,0.8948400795856724
gaussian_strong_d20,sobol_owen,256,current_indicator,30,-0.0044758919596254556,0.010960440916506956,0.009163391959625455,0.031834479,0.026557395499999997,0.017096338567700365,true,0.32967041692066384,0.9727117098413955
gaussian_strong_d20,sobol_owen,256,reduced_conditional,30,0.0008179619589786469,0.003613333126579151,0.0021215778715955036,0.0309657705,0.025726875,0.006834702092736323,true,0.32967041692066384,0.9727117098413955
gaussian_strong_d20,sobol_owen,1024,current_indicator,30,-0.0005045377929587887,0.004848428353061101,0.0025553580403745446,0.13170924950000001,0.1117089165,0.007233057317700365,true,0.40189517053912743,0.9351442398128613
gaussian_strong_d20,sobol_owen,1024,reduced_conditional,30,0.00034460542142426923,0.001948559939800232,0.001366270184948254,0.123167146,0.102867625,0.0030370225946234897,true,0.40189517053912743,0.9351442398128613
gaussian_strong_d20,sobol_owen,4096,current_indicator,30,-0.000781230501292122,0.0024217352601007495,0.0020833138346254554,0.5378135415,0.45476554199999997,0.003557958307299636,true,0.34050417377482617,0.9158954181892796
gaussian_strong_d20,sobol_owen,4096,reduced_conditional,30,0.0001698744263864571,0.0008246109638419695,0.0006751253811630997,0.4925809585,0.410537771,0.0013883502452660512,true,0.34050417377482617,0.9158954181892796
gaussian_strong_d20,sobol_owen,16384,current_indicator,30,2.0540039162112813e-6,0.0011562471304889799,0.000946044921875,2.3294525415000003,1.8060397085,0.001708593072924636,true,0.3173162429656847,0.9299865809264438
gaussian_strong_d20,sobol_owen,16384,reduced_conditional,30,-1.952551375520306e-5,0.0003668959953866169,0.0002774137692886369,2.1663596045,1.6428294375,0.0005864239608047828,true,0.3173162429656847,0.9299865809264438
genuine_rvine_d5,iid_mc,256,current_indicator,30,-0.0012573538047282562,0.02088301674710951,0.017578125,0.000725521,0.0007056045,0.031335478804728256,true,0.30861776146554576,1.0454845552368572
genuine_rvine_d5,iid_mc,256,reduced_conditional,30,-0.0019809726457027544,0.006444869881140441,0.004356755015519173,0.000758521,0.000740125,0.009077648758838158,true,0.30861776146554576,1.0454845552368572
genuine_rvine_d5,iid_mc,1024,current_indicator,30,-0.0004109996380615895,0.009952605233431168,0.008703583695271744,0.0026788335,0.002648417,0.013781708695271747,true,0.37045912528459235,1.112743289196585
genuine_rvine_d5,iid_mc,1024,reduced_conditional,30,-0.00029878289708835194,0.0036870334290797667,0.0021904386815052024,0.002980854,0.0029467705,0.006240010468574708,true,0.37045912528459235,1.112743289196585
genuine_rvine_d5,iid_mc,4096,current_indicator,30,-0.0003540334922282562,0.006383827720699419,0.004357939742228256,0.010499729499999999,0.0104304795,0.009753388382771745,true,0.20867627840395161,1.1319794952812834
genuine_rvine_d5,iid_mc,4096,reduced_conditional,30,-1.5104165946413135e-5,0.001332153410727536,0.0009103965253739327,0.011885478500000001,0.0118163745,0.0018595796564299023,true,0.20867627840395161,1.1319794952812834
genuine_rvine_d5,iid_mc,16384,current_indicator,30,-0.00047813830993658954,0.002959427413953005,0.0019286813515217438,0.042189167,0.0419515625,0.004589873335978257,true,0.29629185925168217,1.1158043011373038
genuine_rvine_d5,iid_mc,16384,reduced_conditional,30,-0.0003549779532827137,0.0008768542508005334,0.0007373136131092611,0.047074854,0.0468408125,0.0013252374356932633,true,0.29629185925168217,1.1158043011373038
genuine_rvine_d5,iid_mc,65536,current_indicator,30,-0.00016533313415533952,0.0013783100682203365,0.00079345703125,0.1727261665,0.171815083,0.0026474294883220067,true,0.2840889186286056,1.0918972690799573
genuine_rvine_d5,iid_mc,65536,reduced_conditional,30,-2.4081168171069534e-6,0.000391562616815635,0.00036161082538177514,0.18859922950000002,0.187709271,0.0005387377872697192,true,0.2840889186286056,1.0918972690799573
genuine_rvine_d5,randomized_halton,256,current_indicator,30,0.0009561878619384105,0.010424742415460788,0.007727021195271744,0.0012692495,0.0007072295,0.01608400804378261,true,0.060140836835111726,0.9575044150106028
genuine_rvine_d5,randomized_halton,256,reduced_conditional,30,5.5856502194191283e-5,0.0006269527326562957,0.00057219997928111,0.001215312,0.0007385835000000001,0.000997376276279935,true,0.060140836835111726,0.9575044150106028
genuine_rvine_d5,randomized_halton,1024,current_indicator,30,0.0005330107786050771,0.005699600302006351,0.004797333695271744,0.004073333,0.002615833,0.008972197554728258,true,0.026670067667910576,1.0628886712674854
genuine_rvine_d5,randomized_halton,1024,reduced_conditional,30,2.32613916083535e-5,0.00015200872573455294,0.00011762241247220695,0.0043294995,0.0029439165,0.00024157645953336307,true,0.026670067667910576,1.0628886712674854
genuine_rvine_d5,randomized_halton,4096,current_indicator,30,-0.00013430692972825619,0.002158898518939104,0.0010620413047282562,0.0145825625,0.010307146,0.002836890393717398,true,0.016204220662278442,1.0485025522777631
genuine_rvine_d5,randomized_halton,4096,reduced_conditional,30,1.6067803855953263e-9,3.498326798835536e-5,2.1632445495231578e-5,0.015289853999999999,0.011769708,5.2529408548246406e-5,true,0.016204220662278442,1.0485025522777631
genuine_rvine_d5,randomized_halton,16384,current_indicator,30,-4.071969014492287e-5,0.0007871105516325372,0.0005859079140217438,0.0536516455,0.040872291500000005,0.001374535387532605,true,0.013231667107368793,1.1134545165068608
genuine_rvine_d5,randomized_halton,16384,reduced_conditional,30,1.6186454524539743e-6,1.0414784795899149e-5,8.204540231385171e-6,0.059738666999999995,0.047079479,1.5999383555787006e-5,true,0.013231667107368793,1.1134545165068608
genuine_rvine_d5,randomized_halton,65536,current_indicator,30,-1.4779748738672864e-5,0.0003511855145286808,0.0002273263710529938,0.288214459,0.16644099950000002,0.0005279836875407562,true,0.0065470562913376605,0.8823967415874857
genuine_rvine_d5,randomized_halton,65536,reduced_conditional,30,-4.216959356151406e-8,2.299231332321653e-6,1.2162918007901924e-6,0.2543194995,0.18777018750000002,3.652926866992701e-6,true,0.0065470562913376605,0.8823967415874857
genuine_rvine_d5,shifted_lattice,256,current_indicator,30,-0.0007365204713949228,0.008942758890864218,0.007727021195271744,0.000734229,0.000693854,0.012568383043782615,true,0.08552332855856139,1.0678146736236243
genuine_rvine_d5,shifted_lattice,256,reduced_conditional,30,1.7282716682522534e-5,0.0007648145068433765,0.0005256833601394173,0.0007840205,0.0007398750000000001,0.0014529483182977255,true,0.08552332855856139,1.0678146736236243
genuine_rvine_d5,shifted_lattice,1024,current_indicator,30,-0.0006714163047282562,0.004343163822568936,0.003015166304728256,0.0027509375,0.00262875,0.006921416304728256,true,0.0383855258618567,1.1133324548449393
genuine_rvine_d5,shifted_lattice,1024,reduced_conditional,30,2.6414282057729554e-5,0.00016671462723350032,0.0001134119960048835,0.003062708,0.0029551250000000003,0.0002613093731524796,true,0.0383855258618567,1.1133324548449393
genuine_rvine_d5,shifted_lattice,4096,current_indicator,30,0.0001830758827717438,0.0029558730844040726,0.001953125,0.010704791,0.010312895999999998,0.005058570081217396,true,0.02923461226879369,1.1389020579663816
genuine_rvine_d5,shifted_lattice,4096,reduced_conditional,30,9.24368516093584e-6,8.641380353831634e-5,5.577750103973045e-5,0.012191708499999999,0.011807479499999999,0.0001330576138544898,true,0.02923461226879369,1.1389020579663816
genuine_rvine_d5,shifted_lattice,16384,current_indicator,30,-0.0002563772422282562,0.002763666711465201,0.0025634765625,0.04255375,0.041083083500000006,0.004052763960978256,true,0.015518992048198578,1.1418260317833329
genuine_rvine_d5,shifted_lattice,16384,reduced_conditional,30,1.1286744029392892e-5,4.288932171909957e-5,2.807326608413041e-5,0.048588979500000004,0.047138396,7.050650139287242e-5,true,0.015518992048198578,1.1418260317833329
genuine_rvine_d5,shifted_lattice,65536,current_indicator,30,-3.7667932332422864e-5,0.0009695848373761309,0.000762939453125,0.18028016600000002,0.16870152100000002,0.0015658332648111452,true,0.051940576585861035,1.0838768558710998
genuine_rvine_d5,shifted_lattice,65536,reduced_conditional,30,-2.582115725772531e-7,5.0360795502224544e-5,4.903288411498008e-5,0.1954014995,0.1886411665,7.033935756722288e-5,true,0.051940576585861035,1.0838768558710998
genuine_rvine_d5,sobol_owen,256,current_indicator,30,-0.0008667288047282562,0.011192092635916917,0.007727021195271744,0.0019517295,0.0006987915,0.019462866956217392,true,0.010900024144645139,1.0001280915208792
genuine_rvine_d5,sobol_owen,256,reduced_conditional,30,5.2899184540415124e-6,0.00012199407996059946,8.577895358041765e-5,0.0019519795000000001,0.0007392085,0.0001947117620485495,true,0.010900024144645139,1.0001280915208792
genuine_rvine_d5,sobol_owen,1024,current_indicator,30,-0.00011803088806158954,0.004437381177480274,0.003820771195271744,0.007368125,0.002622083,0.007001976793782606,true,0.007658269290622631,1.0474707608787854
genuine_rvine_d5,sobol_owen,1024,reduced_conditional,30,-2.052455645449684e-7,3.3982660002284075e-5,1.967988110314345e-5,0.0077178955,0.0029515835,5.965550905540629e-5,true,0.007658269290622631,1.0474707608787854
genuine_rvine_d5,sobol_owen,4096,current_indicator,30,-0.00016685901306158954,0.0018219063832983092,0.001220703125,0.030543375,0.0103482705,0.0025512991172282565,true,0.0034192954508822215,1.0514937036264003
genuine_rvine_d5,sobol_owen,4096,reduced_conditional,30,-6.048446461135818e-7,6.229636208345189e-6,4.288767584681441e-6,0.0321161665,0.011802,1.0171174606907198e-5,true,0.0034192954508822215,1.0514937036264003
genuine_rvine_d5,sobol_owen,16384,current_indicator,30,-0.00027672229431158956,0.0007939367051749092,0.0006103515625,0.1272741255,0.041168458500000005,0.0012024221641032565,true,0.0016600636906424192,1.0758279576629266
genuine_rvine_d5,sobol_owen,16384,reduced_conditional,30,2.981403344722485e-7,1.317985496929142e-6,7.138967602626778e-7,0.1369250625,0.0478260415,2.2806813058467995e-6,true,0.0016600636906424192,1.0758279576629266
genuine_rvine_d5,sobol_owen,65536,current_indicator,30,1.624645568841047e-5,0.0003844758266024682,0.0002838430625407562,0.775555084,0.1755613335,0.000500206774251355,true,0.0008013300673257362,1.010283816926149
genuine_rvine_d5,sobol_owen,65536,reduced_conditional,30,-3.100045380677319e-8,3.080920400164739e-7,2.4732372844171735e-7,0.7835307505,0.188711979,4.915549116135676e-7,true,0.0008013300673257362,1.010283816926149
mixed_d10,iid_mc,256,current_indicator,30,-0.001681220665816773,0.013955827281940327,0.00782398766751656,0.0241478755,0.024119021,0.023816637332483445,true,0.1727103979143964,0.6994705807556446
mixed_d10,iid_mc,256,reduced_conditional,30,-0.00030616166693277723,0.0024103164830885032,0.002198929886978361,0.0168907285,0.016866312,0.0038453117195056757,true,0.1727103979143964,0.6994705807556446
mixed_d10,iid_mc,1024,current_indicator,30,0.001541435584183227,0.008731200427967106,0.00440601891751656,0.09876618749999999,0.09870999999999999,0.013758043582483441,true,0.1422395012733184,0.6727226359729641
mixed_d10,iid_mc,1024,reduced_conditional,30,-4.469822360173755e-5,0.0012419215943914254,0.000889645091969711,0.06644225000000001,0.0663993125,0.0019908844983519197,true,0.1422395012733184,0.6727226359729641
mixed_d10,iid_mc,4096,current_indicator,30,-0.0012987336866501062,0.004563517765806837,0.0029296875,0.396402334,0.39625381299999995,0.008535731740986752,true,0.15247892397598012,0.6704375257285947
mixed_d10,iid_mc,4096,reduced_conditional,30,-6.605057174334702e-5,0.0006958402784754954,0.0005339765639178137,0.265763,0.2655596455,0.0010819204542604837,true,0.15247892397598012,0.6704375257285947
mixed_d10,iid_mc,16384,current_indicator,30,0.00011931644355822705,0.0013927082062002985,0.0009040396762334396,1.577127896,1.575475792,0.0022148568081415613,true,0.1922252067253261,0.6736354966483962
mixed_d10,iid_mc,16384,reduced_conditional,30,-6.353868880597617e-5,0.00026771362284491046,0.0001606322252641415,1.0624093335,1.0615947289999998,0.000506061071589152,true,0.1922252067253261,0.6736354966483962
mixed_d10,iid_mc,65536,reduced_conditional,30,-5.622309308482102e-6,0.00013873195042608257,6.237283511419806e-5,4.283508521,4.276745146,0.00019591091685228906,false,NaN,NaN
mixed_d10,randomized_halton,256,current_indicator,30,0.00014169600084989372,0.0066523388238902414,0.00391773766751656,0.025136625000000003,0.024213021,0.01170726233248344,true,0.0776543538477364,0.6918208590055346
mixed_d10,randomized_halton,256,reduced_conditional,30,-0.00010684173169915369,0.0005165830729454075,0.0004304104608274656,0.017390041499999998,0.016637520500000003,0.0007348642456552759,true,0.0776543538477364,0.6918208590055346
mixed_d10,randomized_halton,1024,current_indicator,30,0.00014169600084989372,0.0032295452836731894,0.0029181998324834396,0.1016613955,0.09793185400000001,0.00489430016751656,true,0.05605243377042229,0.6708149063328567
mixed_d10,randomized_halton,1024,reduced_conditional,30,1.0092892323549744e-5,0.00018102387312167112,0.00010977224341403302,0.0681959795,0.0664036875,0.0003202737175156692,true,0.05605243377042229,0.6708149063328567
mixed_d10,randomized_halton,4096,current_indicator,30,0.00010100589668322705,0.0012288963303017182,0.0007439095425165604,0.40042520800000003,0.3931484375,0.001986729196513249,true,0.07658618440819506,0.6767650639517181
mixed_d10,randomized_halton,4096,reduced_conditional,30,-1.8960243275645734e-5,9.411648097104158e-5,4.2309924976988156e-5,0.2709937915,0.265801042,0.00015984304821576312,true,0.07658618440819506,0.6767650639517181
mixed_d10,randomized_halton,16384,current_indicator,30,-8.413407727510628e-5,0.0006120146028130623,0.000335693359375,1.6078181665,1.575473187,0.0009514290737665607,true,0.04981506895619369,0.6727461876827848
mixed_d10,randomized_halton,16384,reduced_conditional,30,6.417763467575037e-6,3.048754964133019e-5,1.3297207265360045e-5,1.081653542,1.0629101250000001,4.8365934111055395e-5,true,0.04981506895619369,0.6727461876827848
mixed_d10,randomized_halton,65536,reduced_conditional,30,1.844208616245957e-6,9.529761818103147e-6,5.7217966899988926e-6,4.556016979,4.281412667,1.630453760957662e-5,false,NaN,NaN
mixed_d10,shifted_lattice,256,current_indicator,30,-0.00011872066581677295,0.009647577606201078,0.005859375,0.024314104,0.024266958499999998,0.015615809865986752,true,0.07395225871493641,0.6865219874028671
mixed_d10,shifted_lattice,256,reduced_conditional,30,6.818469754799882e-5,0.000713460155106209,0.0004691679975334026,0.016692167,0.0166492085,0.0011557647096401367,true,0.07395225871493641,0.6865219874028671
mixed_d10,shifted_lattice,1024,current_indicator,30,0.0009229460008498937,0.0033196561282208313,0.0019646126675165604,0.09606289600000001,0.0959130835,0.00587086266751656,true,0.07113362046330834,0.6933942372505613
mixed_d10,shifted_lattice,1024,reduced_conditional,30,-3.198332657412123e-5,0.0002361391590935563,0.0001727244875329645,0.0666094585,0.066489396,0.0003734221565748791,true,0.07113362046330834,0.6933942372505613
mixed_d10,shifted_lattice,4096,current_indicator,30,-0.0003058951449834396,0.0015513955341747475,0.0012092154574834396,0.39494210500000004,0.39408816700000004,0.002257581417516561,true,0.06726382535862972,0.6731610067252769
mixed_d10,shifted_lattice,4096,reduced_conditional,30,-1.1712139315975256e-5,0.0001043527982728883,8.029116028415717e-5,0.26585962500000004,0.265424875,0.0001685310323316855,true,0.06726382535862972,0.6731610067252769
mixed_d10,shifted_lattice,16384,current_indicator,30,-0.00015534175956677295,0.0007123263532070974,0.0005683463168584396,1.5840407915,1.5815396045,0.0011542838168584397,true,0.11944804214306765,0.6748730614996917
mixed_d10,shifted_lattice,16384,reduced_conditional,30,9.524356300470253e-6,8.508598825749906e-5,6.718744817683225e-5,1.0690264585,1.0660471245,0.00011022221800006539,true,0.11944804214306765,0.6748730614996917
mixed_d10,shifted_lattice,65536,reduced_conditional,30,1.1705745679045643e-5,7.574276319243414e-5,7.103276758477911e-5,4.2994356245,4.261466229,0.00011436648937688672,false,NaN,NaN
mixed_d10,sobol_owen,256,current_indicator,30,-0.0011603873324834396,0.005747514017484403,0.0038947623324834396,0.026692834,0.0241642295,0.00782398766751656,true,0.07112357171345457,0.7196610146378613
mixed_d10,sobol_owen,256,reduced_conditional,30,-9.94770042119846e-5,0.0004087837253966373,0.00029428391178668023,0.019209792,0.01675,0.0006381107201628004,true,0.07112357171345457,0.7196610146378613
mixed_d10,sobol_owen,1024,current_indicator,30,-0.0006070019158167729,0.0029109488791679286,0.001953125,0.109232209,0.098420229,0.004873622365986752,true,0.042746493588274974,0.707649563326143
mixed_d10,sobol_owen,1024,reduced_conditional,30,-3.5832104508453735e-5,0.00012443285759914809,0.0001025668494901294,0.077298125,0.06693112500000001,0.00020670071722723727,true,0.042746493588274974,0.707649563326143
mixed_d10,sobol_owen,4096,current_indicator,30,0.00015797204251656038,0.0014178107072299407,0.001220703125,0.4372378535,0.39362525000000004,0.0021880754909867515,true,0.03298473814781506,0.7072122793686708
mixed_d10,sobol_owen,4096,reduced_conditional,30,-1.3344683380141683e-5,4.676611492114807e-5,4.700715882111767e-5,0.309219979,0.26743858350000005,7.007772954094744e-5,true,0.03298473814781506,0.7072122793686708
mixed_d10,sobol_owen,16384,current_indicator,30,3.183271959989372e-5,0.0006284771015372688,0.0004387337612665604,1.9301027295000002,1.575945604,0.0010894426784867515,true,0.03886258489338723,0.6653729386376684
mixed_d10,sobol_owen,16384,reduced_conditional,30,-3.4002012002899243e-6,2.4424244712042055e-5,1.7404914761029455e-5,1.284238125,1.0714298545,3.604961921025024e-5,true,0.03886258489338723,0.6653729386376684
mixed_d10,sobol_owen,65536,reduced_conditional,30,-5.67541127854491e-7,6.0101184273534765e-6,3.843429418275146e-6,5.6119787495,4.273513125,9.687221595303109e-6,false,NaN,NaN
