case_id,design,model,point,d,conditioning_dimension,N,method,n,reference,reference_uncertainty,reference_target_met,reference_split_half_z,reference_split_stable,reference_uncertainty_to_rmse,reference_resolved,median_abs_error,mean_abs_error,rmse,rmse_ci_low,rmse_ci_high,p90_abs_error,max_abs_error,median_runtime_s,runtime_ci_low_s,runtime_ci_high_s,median_bytes,median_allocations,median_hfunc_calls,median_hinv_calls,median_pair_cdf_calls
gaussian_moderate_d4,gaussian_moderate,D,center,4,2,256,current_indicator,30,0.24193572837980243,4.837045149038699e-11,true,0.0,true,4.708253164718852e-9,true,0.008064271620197572,0.008774312657372848,0.010273545155313537,0.008041784887010853,0.01230011318712544,0.01621704229615806,0.02318572837980243,0.001265146,0.0012594375,0.0012800205,1.170016e6,379.0,NaN,NaN,NaN
gaussian_moderate_d4,gaussian_moderate,D,center,4,2,256,reduced_conditional,30,0.24193572837980243,4.837045149038699e-11,true,0.0,true,5.619368261048248e-7,true,6.113731526392885e-5,6.931047923024828e-5,8.607809498031343e-5,6.748027080592433e-5,0.0001041358066365603,0.00012683100266687732,0.00020359460332994295,0.0009602705,0.0009495625,0.0009667915,561728.0,176.0,1792.0,256.0,256.0
gaussian_moderate_d4,gaussian_moderate,D,center,4,2,1024,current_indicator,30,0.24193572837980243,4.837045149038699e-11,true,0.0,true,1.2159160153659433e-8,true,0.0029296875,0.0034200036820526856,0.003978107935014687,0.003274361962302512,0.004617951467090554,0.006111146620197572,0.007087709120197572,0.004636729500000001,0.0045284165,0.004772874999999999,4.336768e6,405.0,NaN,NaN,NaN
gaussian_moderate_d4,gaussian_moderate,D,center,4,2,1024,reduced_conditional,30,0.24193572837980243,4.837045149038699e-11,true,0.0,true,3.1864717227757797e-6,true,1.1232025677487822e-5,1.1693981704098226e-5,1.5179940604729679e-5,1.0867675028928385e-5,1.9842196690990356e-5,2.4121596317450146e-5,4.5961398413590926e-5,0.0035835835,0.003566542,0.003665937,2.077536e6,190.0,7168.0,1024.0,1024.0
gaussian_moderate_d4,gaussian_moderate,D,center,4,2,4096,current_indicator,30,0.24193572837980243,4.837045149038699e-11,true,0.0,true,2.4702838114160034e-8,true,0.00146484375,0.001580302240706181,0.001958092882560742,0.0015403362708604163,0.0023285132279515924,0.003204346983658058,0.003913880995197572,0.018978625,0.0187637915,0.019233003837500002,1.7133184e7,429.0,NaN,NaN,NaN
gaussian_moderate_d4,gaussian_moderate,D,center,4,2,4096,reduced_conditional,30,0.24193572837980243,4.837045149038699e-11,true,0.0,true,1.9337104602220438e-5,true,1.6400767226393276e-6,1.8248628558481529e-6,2.50143196126853e-6,1.6590962098575584e-6,3.41452641371254e-6,3.3106299265228692e-6,8.247039420594682e-6,0.014742103999999999,0.014619792,0.014860375,8.205408e6,202.0,28672.0,4096.0,4096.0
gaussian_moderate_d4,gaussian_moderate,D,center,4,2,16384,current_indicator,30,0.24193572837980243,4.837045149038699e-11,true,0.0,true,7.63000390716737e-8,true,0.000457763671875,0.0005132040455131714,0.0006339505468004991,0.0004895712941089246,0.0007589627121411283,0.0011169446399080575,0.0012283341201975717,0.080720104,0.07941481249999999,0.0933080415,6.9628032e7,453.0,NaN,NaN,NaN
gaussian_moderate_d4,gaussian_moderate,D,center,4,2,16384,reduced_conditional,30,0.24193572837980243,4.837045149038699e-11,true,0.0,true,0.00011050680247431382,true,2.545306540951975e-7,3.399689247979287e-7,4.3771469635663566e-7,3.04904251165716e-7,5.756440733844076e-7,6.254434602143144e-7,1.3456756436658335e-6,0.0610009165,0.0605694585,0.061335226887500004,3.3371488e7,214.0,114688.0,16384.0,16384.0
gaussian_moderate_d4,gaussian_moderate,D,center,4,2,65536,current_indicator,30,0.24193572837980243,4.837045149038699e-11,true,0.0,true,2.0367071127266132e-7,true,0.00012969970703125,0.000179036138200069,0.00023749340878783363,0.0001613739578721491,0.00031983704686085304,0.00040588506959555743,0.0007400528701975717,0.5530332705000001,0.5333733126875,0.5580173745,2.8432448e8,477.0,NaN,NaN,NaN
gaussian_moderate_d4,gaussian_moderate,D,center,4,2,65536,reduced_conditional,30,0.24193572837980243,4.837045149038699e-11,true,0.0,true,0.0004919944683185745,true,6.386433895610999e-8,7.851893270664304e-8,9.831503117442842e-8,7.073374206219487e-8,1.2868230073472905e-7,1.3678427735752677e-7,2.828493541606747e-7,0.279106812,0.274836729,0.308386375,1.36394336e8,226.0,458752.0,65536.0,65536.0
gaussian_rectangle_d4,gaussian_moderate,D,rectangle,4,2,256,current_indicator,30,0.1700457778766358,3.3798579562806415e-11,true,0.0,true,3.722254156505848e-9,true,0.005983277876635801,0.0078125,0.009080137503166575,0.007117101381842357,0.010786330640656145,0.0137957778766358,0.0216082778766358,0.0011917084999999998,0.0011851045,0.0012129375,1.170016e6,379.0,NaN,NaN,NaN
gaussian_rectangle_d4,gaussian_moderate,D,rectangle,4,2,256,reduced_conditional,30,0.1700457778766358,3.3798579562806415e-11,true,0.0,true,2.2759491110491263e-6,true,9.683856722883522e-6,1.2266411138262916e-5,1.4850323058069848e-5,1.1485626322814102e-5,1.8015799506384006e-5,2.4178539952923744e-5,3.11584889014227e-5,0.0012567289999999998,0.001249917,0.001278104,561728.0,176.0,3072.0,256.0,1024.0
gaussian_rectangle_d4,gaussian_moderate,D,rectangle,4,2,1024,current_indicator,30,0.1700457778766358,3.3798579562806415e-11,true,0.0,true,9.094371138154228e-9,true,0.002805784623364199,0.00296272826710288,0.003716428442315154,0.0028188956748243835,0.00450370250655901,0.006153809801308642,0.0079364028766358,0.004542083000000001,0.004514333,0.004751646,4.336768e6,405.0,NaN,NaN,NaN
gaussian_rectangle_d4,gaussian_moderate,D,rectangle,4,2,1024,reduced_conditional,30,0.1700457778766358,3.3798579562806415e-11,true,0.0,true,1.734631107618237e-5,true,1.4413154836856457e-6,1.6914832613817988e-6,1.9484592092444425e-6,1.57440811512777e-6,2.3207044228302136e-6,3.1128664950003104e-6,4.1799058430325164e-6,0.0049148545,0.004898458,0.004958542,2.077536e6,190.0,12288.0,1024.0,4096.0
gaussian_rectangle_d4,gaussian_moderate,D,rectangle,4,2,4096,current_indicator,30,0.1700457778766358,3.3798579562806415e-11,true,0.0,true,2.0863222491664586e-8,true,0.000732421875,0.0012039383995637865,0.0016200076271203957,0.001124554107763052,0.002065395165601658,0.0028790268108642002,0.004030152876635801,0.0187145835,0.018629938,0.01895525,1.7133184e7,429.0,NaN,NaN,NaN
gaussian_rectangle_d4,gaussian_moderate,D,rectangle,4,2,4096,reduced_conditional,30,0.1700457778766358,3.3798579562806415e-11,true,0.0,true,0.00013645407949467012,true,1.2398358886778205e-7,1.915831455442015e-7,2.476919685213705e-7,1.8146303129017792e-7,3.096184291355526e-7,4.117304208239858e-7,6.441165137371918e-7,0.019998854,0.019907604000000002,0.020083229,8.205408e6,202.0,49152.0,4096.0,16384.0
gaussian_rectangle_d4,gaussian_moderate,D,rectangle,4,2,16384,current_indicator,30,0.1700457778766358,3.3798579562806415e-11,true,0.0,true,5.69800775404446e-8,true,0.0003662109375,0.0004512936434228398,0.0005931648572927283,0.00042294691356471796,0.0007521486975985722,0.0010540756389891995,0.0014666763141358008,0.079750146,0.0787699375,0.080914479,6.9628032e7,453.0,NaN,NaN,NaN
gaussian_rectangle_d4,gaussian_moderate,D,rectangle,4,2,16384,reduced_conditional,30,0.1700457778766358,3.3798579562806415e-11,true,0.0,true,0.0008211563151987061,true,2.46434525841277e-8,3.228216865491795e-8,4.1159738940359635e-8,3.002267161379953e-8,5.155373286943558e-8,6.927504911102833e-8,1.0872407255058114e-7,0.082173542,0.0819013545,0.08275102914999999,3.3371488e7,214.0,196608.0,16384.0,65536.0
gaussian_rectangle_d4,gaussian_moderate,D,rectangle,4,2,65536,current_indicator,30,0.1700457778766358,3.3798579562806415e-11,true,0.0,true,1.4919099095685952e-7,true,0.0001678466796875,0.00017903645833333332,0.00022654571396056822,0.00017271748595820867,0.00027562343339443895,0.00035583647038580084,0.0005017074749266992,0.423853333,0.404873625,0.530685625,2.8432448e8,477.0,NaN,NaN,NaN
gaussian_rectangle_d4,gaussian_moderate,D,rectangle,4,2,65536,reduced_conditional,30,0.1700457778766358,3.3798579562806415e-11,true,0.0,true,0.0072169085619931015,true,3.527073494380417e-9,3.8232363904396514e-9,4.683248966295927e-9,3.6298583455268608e-9,5.612788707336261e-9,8.504619264382285e-9,8.667720652333344e-9,0.3928123335,0.388708333,0.5121195414999999,1.36394336e8,226.0,786432.0,65536.0,262144.0
gaussian_strong_d4,gaussian_strong,D,upper,4,2,256,current_indicator,30,0.5882516348368683,1.1753621890077675e-10,true,0.0,true,1.6608757797891095e-8,true,0.00390625,0.005574891010875449,0.007076761569471558,0.005219308169301848,0.008826408400694267,0.010445057869494616,0.017939134836868265,0.001171979,0.0011634165,0.0011760210000000002,1.170016e6,379.0,NaN,NaN,NaN
gaussian_strong_d4,gaussian_strong,D,upper,4,2,256,reduced_conditional,30,0.5882516348368683,1.1753621890077675e-10,true,0.0,true,8.639680170928914e-7,true,8.754143292882821e-5,0.00010640114756983454,0.00013604232630771052,9.585919533560933e-5,0.00017618888146204065,0.0002195899848143946,0.0003753493232931948,0.0009607915000000001,0.000957021,0.0009645,561728.0,176.0,1792.0,256.0,256.0
gaussian_strong_d4,gaussian_strong,D,upper,4,2,1024,current_indicator,30,0.5882516348368683,1.1753621890077675e-10,true,0.0,true,2.8672137074594096e-8,true,0.0023141348368682646,0.003214171489124551,0.004099318393846674,0.003075220966122336,0.004931031391821061,0.007451490163131735,0.008428052663131735,0.0047230004999999995,0.004548771,0.004902417,4.336768e6,405.0,NaN,NaN,NaN
gaussian_strong_d4,gaussian_strong,D,upper,4,2,1024,reduced_conditional,30,0.5882516348368683,1.1753621890077675e-10,true,0.0,true,5.18967018914954e-6,true,1.4703813696059775e-5,1.872778361345547e-5,2.2648109536232024e-5,1.7639186839609175e-5,2.7597526859158216e-5,3.6763993782174e-5,4.929562176869684e-5,0.0038523535,0.003802146,0.0039686875,2.077536e6,190.0,7168.0,1024.0,1024.0
gaussian_strong_d4,gaussian_strong,D,upper,4,2,4096,current_indicator,30,0.5882516348368683,1.1753621890077675e-10,true,0.0,true,8.352548616297052e-8,true,0.0006155526631317354,0.001040279706498204,0.0014071898806005904,0.0009942608457142077,0.0017813245130996155,0.0023629629618682653,0.0035348379618682646,0.0188749995,0.018765667,0.0191871875,1.7133184e7,429.0,NaN,NaN,NaN
gaussian_strong_d4,gaussian_strong,D,upper,4,2,4096,reduced_conditional,30,0.5882516348368683,1.1753621890077675e-10,true,0.0,true,2.0887494449752967e-5,true,4.1938161903232185e-6,4.693338461555137e-6,5.627109521609799e-6,4.459594877093441e-6,6.835608156437082e-6,8.419212701638036e-6,1.3263360334914154e-5,0.015554770999999998,0.0154431484375,0.0157316875,8.205408e6,202.0,28672.0,4096.0,4096.0
gaussian_strong_d4,gaussian_strong,D,upper,4,2,16384,current_indicator,30,0.5882516348368683,1.1753621890077675e-10,true,0.0,true,1.9110708473122116e-7,true,0.0003915274149932646,0.0004896682101684628,0.0006150280564746371,0.0004535136574718987,0.0007681201183582292,0.0008137102132446121,0.0015310800068817354,0.07937368750000001,0.07862495850000001,0.08051548841250002,6.9628032e7,453.0,NaN,NaN,NaN
gaussian_strong_d4,gaussian_strong,D,upper,4,2,16384,reduced_conditional,30,0.5882516348368683,1.1753621890077675e-10,true,0.0,true,0.00013104715943087217,true,6.244819543699265e-7,7.261528341517832e-7,8.969001648813113e-7,6.580335675237632e-7,1.1424056345552514e-6,1.4023623496783876e-6,2.5743741074446547e-6,0.064132875,0.063733042,0.0648040205,3.3371488e7,214.0,114688.0,16384.0,16384.0
gaussian_strong_d4,gaussian_strong,D,upper,4,2,65536,current_indicator,30,0.5882516348368683,1.1753621890077675e-10,true,0.0,true,3.860381541798527e-7,true,0.0002593994140625,0.00025838216145833334,0.00030446788129138497,0.0002489493417311836,0.0003578751936462814,0.00045075774125673544,0.0006613290303192354,0.5276321245,0.4100166465,0.5454568744999999,2.8432448e8,477.0,NaN,NaN,NaN
gaussian_strong_d4,gaussian_strong,D,upper,4,2,65536,reduced_conditional,30,0.5882516348368683,1.1753621890077675e-10,true,0.0,true,0.0009621250999755953,true,8.613095697773687e-8,1.0053552622624195e-7,1.2216313544232253e-7,9.630041275761035e-8,1.4590830981130657e-7,1.9701167416341648e-7,2.4674402410163054e-7,0.312669146,0.290441167,0.3670453955,1.36394336e8,226.0,458752.0,65536.0,65536.0
gaussian_tail_d4,gaussian_moderate,D,lower_asymmetric,4,2,256,current_indicator,30,0.06598721228775145,1.3195915354498886e-11,true,0.0,true,2.5768230761673586e-9,true,0.004325287712248549,0.004204073418232753,0.0051210017003285495,0.004060619409650059,0.006101602379753277,0.008231537712248549,0.011299712287751451,0.0011697915,0.0011645,0.0011760625,1.170016e6,379.0,NaN,NaN,NaN
gaussian_tail_d4,gaussian_moderate,D,lower_asymmetric,4,2,256,reduced_conditional,30,0.06598721228775145,1.3195915354498886e-11,true,0.0,true,1.5518613546935828e-7,true,7.223402872014867e-5,7.155952906093045e-5,8.503282406374787e-5,6.602987700882032e-5,0.00010684027110610416,0.00011616960424474105,0.00022835119336049592,0.0009256875,0.0009215619999999999,0.000930292,561728.0,176.0,1792.0,256.0,256.0
gaussian_tail_d4,gaussian_moderate,D,lower_asymmetric,4,2,1024,current_indicator,30,0.06598721228775145,1.3195915354498886e-11,true,0.0,true,8.414370858830072e-9,true,0.001395600212248549,0.00126953125,0.001568259300177035,0.0011487106231451948,0.002016802747056356,0.002372162712248549,0.004463774787751451,0.004616749999999999,0.0045821874999999995,0.0047910209999999995,4.336768e6,405.0,NaN,NaN,NaN
gaussian_tail_d4,gaussian_moderate,D,lower_asymmetric,4,2,1024,reduced_conditional,30,0.06598721228775145,1.3195915354498886e-11,true,0.0,true,6.235430333760506e-7,true,1.1935322185664676e-5,1.4699809732473165e-5,2.1162798152121447e-5,1.2973810224468185e-5,3.006380737994879e-5,2.8209958435355956e-5,7.954885384653387e-5,0.0037119375,0.0036617919999999997,0.0037511245000000004,2.077536e6,190.0,7168.0,1024.0,1024.0
gaussian_tail_d4,gaussian_moderate,D,lower_asymmetric,4,2,4096,current_indicator,30,0.06598721228775145,1.3195915354498886e-11,true,0.0,true,2.73752310276156e-8,true,0.0003133841627514511,0.00035783448428401053,0.0004820385019285172,0.0003386107402775528,0.0006063679586188566,0.0009211676697988393,0.001045806037751451,0.019016645999999998,0.018871813,0.019363708162500003,1.7133184e7,429.0,NaN,NaN,NaN
gaussian_tail_d4,gaussian_moderate,D,lower_asymmetric,4,2,4096,reduced_conditional,30,0.06598721228775145,1.3195915354498886e-11,true,0.0,true,3.0457926274768297e-6,true,2.4426881737593664e-6,3.418208780990121e-6,4.332506171121222e-6,3.2120435427032733e-6,5.3390849821548836e-6,6.768594895630032e-6,1.0430275233216935e-5,0.015014291999999999,0.014921542,0.015083270999999999,8.205408e6,202.0,28672.0,4096.0,4096.0
gaussian_tail_d4,gaussian_moderate,D,lower_asymmetric,4,2,16384,current_indicator,30,0.06598721228775145,1.3195915354498886e-11,true,0.0,true,5.742020972107069e-8,true,0.000152587890625,0.00019992873585009674,0.00022981308181562713,0.00018694840796881293,0.00027075064041504266,0.0003580025559985489,0.0004354544752514511,0.07899120849999999,0.07827025,0.0822721035,6.9628032e7,453.0,NaN,NaN,NaN
gaussian_tail_d4,gaussian_moderate,D,lower_asymmetric,4,2,16384,reduced_conditional,30,0.06598721228775145,1.3195915354498886e-11,true,0.0,true,2.031368044621342e-5,true,5.222230734722166e-7,5.538747506597663e-7,6.496073121480395e-7,5.126021362443407e-7,7.717252733795335e-7,9.593044282010802e-7,1.4151576636645125e-6,0.061775375,0.061497062000000005,0.062156312500000005,3.3371488e7,214.0,114688.0,16384.0,16384.0
gaussian_tail_d4,gaussian_moderate,D,lower_asymmetric,4,2,65536,current_indicator,30,0.06598721228775145,1.3195915354498886e-11,true,0.0,true,1.2087445446647275e-7,true,6.808556381104891e-5,8.490199331656993e-5,0.00010917042325232642,8.035521480701565e-5,0.00013547128641113699,0.00019179755261133913,0.0002511910325610489,0.518466125,0.415953625,0.5311641874999999,2.8432448e8,477.0,NaN,NaN,NaN
gaussian_tail_d4,gaussian_moderate,D,lower_asymmetric,4,2,65536,reduced_conditional,30,0.06598721228775145,1.3195915354498886e-11,true,0.0,true,7.104987054803179e-5,true,1.2765152170024496e-7,1.493750596779734e-7,1.8572750735102413e-7,1.419304936951463e-7,2.2411946989932866e-7,2.8972426694973134e-7,4.0636463820298285e-7,0.3059277085,0.277184666,0.365140563,1.36394336e8,226.0,458752.0,65536.0,65536.0
gaussian_moderate_d5,gaussian_moderate,D,center,5,3,256,current_indicator,30,0.21062050838014906,4.212205437348308e-11,true,0.0,true,4.7237172464226e-9,true,0.005859375,0.006964439990636854,0.008917141347819508,0.006483962163877367,0.011202974282153003,0.016269218295880756,0.019848241619850937,0.0016357705,0.0016241250000000001,0.001642083,1.462752e6,478.0,NaN,NaN,NaN
gaussian_moderate_d5,gaussian_moderate,D,center,5,3,256,reduced_conditional,30,0.21062050838014906,4.212205437348308e-11,true,0.0,true,3.430038495289813e-7,true,0.00010015271720272001,0.000105677390330323,0.0001228034450089286,9.982515802081219e-5,0.00014418698037185632,0.00020017210783574715,0.0002441756188433508,0.0015242285,0.001520875,0.001535,842368.0,255.0,3840.0,768.0,256.0
gaussian_moderate_d5,gaussian_moderate,D,center,5,3,1024,current_indicator,30,0.21062050838014906,4.212205437348308e-11,true,0.0,true,8.76462110729863e-9,true,0.003246679119850937,0.004078723882646792,0.0048059184598871554,0.0038621000360668173,0.005656675623304577,0.00816374954588075,0.008472070880149063,0.006290979,0.0061811455000000005,0.006617271,5.483648e6,510.0,NaN,NaN,NaN
gaussian_moderate_d5,gaussian_moderate,D,center,5,3,1024,reduced_conditional,30,0.21062050838014906,4.212205437348308e-11,true,0.0,true,2.2496896513852053e-6,true,1.3752964419772029e-5,1.535495597118815e-5,1.8723495637519244e-5,1.3948944600125657e-5,2.3366116848745194e-5,3.005971238465022e-5,4.8821039336344185e-5,0.0059852295,0.0059060829999999995,0.0061002915000000005,3.116064e6,275.0,15360.0,3072.0,1024.0
gaussian_moderate_d5,gaussian_moderate,D,center,5,3,4096,current_indicator,30,0.21062050838014906,4.212205437348308e-11,true,0.0,true,2.0055798340630375e-8,true,0.0018310546875,0.0017805207198035207,0.002100243214360079,0.001638866837129773,0.0025132216987835978,0.00352507767088075,0.004223241619850937,0.0255953545,0.025495562,0.025738542,2.1401344e7,540.0,NaN,NaN,NaN
gaussian_moderate_d5,gaussian_moderate,D,center,5,3,4096,reduced_conditional,30,0.21062050838014906,4.212205437348308e-11,true,0.0,true,1.185855661457105e-5,true,2.4576786849944687e-6,2.686693099740456e-6,3.552038898370325e-6,2.473313000650083e-6,4.5194523362044725e-6,5.183716669918128e-6,9.44222771293024e-6,0.0242777505,0.024218125,0.024403166,1.2307872e7,293.0,61440.0,12288.0,4096.0
gaussian_moderate_d5,gaussian_moderate,D,center,5,3,16384,current_indicator,30,0.21062050838014906,4.212205437348308e-11,true,0.0,true,5.5503834765620136e-8,true,0.000500097088600937,0.0006297784944602499,0.0007589034983142116,0.0005917154218694604,0.0009052511443979658,0.0012020013854759375,0.001514063067649063,0.10758691649999999,0.1068731045,0.111109104,8.6970752e7,570.0,NaN,NaN,NaN
gaussian_moderate_d5,gaussian_moderate,D,center,5,3,16384,reduced_conditional,30,0.21062050838014906,4.212205437348308e-11,true,0.0,true,4.184915903687042e-5,true,7.555950656129573e-7,8.046355184587739e-7,1.006520927609853e-6,7.285036343711774e-7,1.2764997721187513e-6,1.548881342244846e-6,2.7448986691103183e-6,0.10073141599999999,0.10003851682499999,0.101932291,5.0056992e7,311.0,245760.0,49152.0,16384.0
gaussian_moderate_d5,gaussian_moderate,D,center,5,3,65536,current_indicator,30,0.21062050838014906,4.212205437348308e-11,true,0.0,true,1.3395807427298635e-7,true,0.0001983642578125,0.00024154792724904173,0.0003144420715368354,0.0002268082161931912,0.000408078830967886,0.0004169561340553132,0.000912084393288437,0.6626957085,0.6518751875,0.6795733749999999,3.60649728e8,600.0,NaN,NaN,NaN
gaussian_moderate_d5,gaussian_moderate,D,center,5,3,65536,reduced_conditional,30,0.21062050838014906,4.212205437348308e-11,true,0.0,true,0.00026225878146788397,true,8.379039594108573e-8,1.2346308321438865e-7,1.6061256037918912e-7,1.1779593382735924e-7,2.0062112483162103e-7,2.921892356066991e-7,3.619866418558271e-7,0.585568896,0.4805653545,0.6051750625,2.04591264e8,329.0,983040.0,196608.0,65536.0
gaussian_rectangle_d5,gaussian_moderate,D,rectangle,5,3,256,current_indicator,30,0.12616033132518825,2.522332435296678e-11,true,0.0,true,1.8530655876664332e-9,true,0.010558418674811748,0.011014855421679215,0.013611673823553395,0.010738150286870595,0.016279519432375114,0.022509234939849403,0.026183418674811748,0.0017199795000000001,0.001681125,0.0017280630000000002,1.462752e6,478.0,NaN,NaN,NaN
gaussian_rectangle_d5,gaussian_moderate,D,rectangle,5,3,256,reduced_conditional,30,0.12616033132518825,2.522332435296678e-11,true,0.0,true,9.478584678253627e-7,true,1.8716824598655202e-5,2.1412307261559072e-5,2.6610855110927834e-5,1.946402087148489e-5,3.441493400307769e-5,3.66813596451937e-5,7.979995869364376e-5,0.0020372295,0.00202225,0.002049271,842368.0,255.0,6144.0,768.0,1024.0
gaussian_rectangle_d5,gaussian_moderate,D,rectangle,5,3,1024,current_indicator,30,0.12616033132518825,2.522332435296678e-11,true,0.0,true,5.4367780941673135e-9,true,0.002136893825188252,0.0032429570783207833,0.00463938823988915,0.0030618234100263497,0.005906702373735424,0.0096186099398494,0.010925956325188252,0.006277146,0.006220979,0.006739166,5.483648e6,510.0,NaN,NaN,NaN
gaussian_rectangle_d5,gaussian_moderate,D,rectangle,5,3,1024,reduced_conditional,30,0.12616033132518825,2.522332435296678e-11,true,0.0,true,5.212909728083061e-6,true,2.749473603347319e-6,3.815984419745325e-6,4.8386267303044456e-6,3.5680388074605973e-6,5.906840486614547e-6,8.491568100746362e-6,1.0225266760865992e-5,0.007844562499999999,0.007785625,0.0080897495,3.116064e6,275.0,24576.0,3072.0,4096.0
gaussian_rectangle_d5,gaussian_moderate,D,rectangle,5,3,4096,current_indicator,30,0.12616033132518825,2.522332435296678e-11,true,0.0,true,1.545994328521493e-8,true,0.0012810749248117481,0.0012735560366541165,0.001631527612205992,0.001231275411661663,0.00200474959953667,0.0025261921123117485,0.003966621799811748,0.025773125,0.025633125,0.025966604,2.1401344e7,540.0,NaN,NaN,NaN
gaussian_rectangle_d5,gaussian_moderate,D,rectangle,5,3,4096,reduced_conditional,30,0.12616033132518825,2.522332435296678e-11,true,0.0,true,4.275982808662951e-5,true,3.943145692186789e-7,4.822574652646461e-7,5.898836707637236e-7,4.5244566330812295e-7,7.120075775343197e-7,1.075871361447267e-6,1.1835069706478407e-6,0.0316686665,0.031610166999999995,0.031765229,1.2307872e7,293.0,98304.0,12288.0,16384.0
gaussian_rectangle_d5,gaussian_moderate,D,rectangle,5,3,16384,current_indicator,30,0.12616033132518825,2.522332435296678e-11,true,0.0,true,4.615670989985895e-8,true,0.0002448039814382519,0.00040889132311244987,0.0005464714536129418,0.00038359698977476973,0.0006892884703615022,0.000922294215813252,0.0014031452373117481,0.1073803745,0.106834,0.1092215215,8.6970752e7,570.0,NaN,NaN,NaN
gaussian_rectangle_d5,gaussian_moderate,D,rectangle,5,3,16384,reduced_conditional,30,0.12616033132518825,2.522332435296678e-11,true,0.0,true,0.00026066086478732716,true,5.8893420418204556e-8,7.568559876695394e-8,9.676682525221595e-8,6.838946576778788e-8,1.2463682906649955e-7,1.4929362975313338e-7,2.557651230528091e-7,0.12998095799999998,0.1297662295,0.1317670625,5.0056992e7,311.0,393216.0,49152.0,65536.0
gaussian_rectangle_d5,gaussian_moderate,D,rectangle,5,3,65536,current_indicator,30,0.12616033132518825,2.522332435296678e-11,true,0.0,true,7.643571873365152e-8,true,0.00021428640331325188,0.0002783070347646836,0.00032999394485790296,0.000261576038305724,0.00039155935767769316,0.0004903378140568515,0.0006707233623117481,0.6708644165,0.6604094585,0.685366687,3.59863296e8,600.0,NaN,NaN,NaN
gaussian_rectangle_d5,gaussian_moderate,D,rectangle,5,3,65536,reduced_conditional,30,0.12616033132518825,2.522332435296678e-11,true,0.0,true,0.001941693736753789,true,7.62663004971742e-9,1.0352440026524986e-8,1.2990372207275216e-8,9.810525636486421e-9,1.5892348222167113e-8,2.1894682464274064e-8,2.73980516052319e-8,0.603734896,0.581092292,0.7068594374999999,2.04591264e8,329.0,1.572864e6,196608.0,262144.0
gaussian_strong_d5,gaussian_strong,D,upper,5,3,256,current_indicator,30,0.5746657749936169,1.1492969213353566e-10,true,0.0,true,1.5095834487308816e-8,true,0.004353274993616929,0.006380208333333333,0.007613338118549057,0.005956792147617239,0.009050826358137053,0.012165774993616929,0.015177975006383071,0.0017259375,0.0017211035,0.0017299605749999999,1.462752e6,478.0,NaN,NaN,NaN
gaussian_strong_d5,gaussian_strong,D,upper,5,3,256,reduced_conditional,30,0.5746657749936169,1.1492969213353566e-10,true,0.0,true,2.3254505070866542e-7,true,0.0003461431656758829,0.0004165845594475933,0.0004942254921499947,0.00039464407561506096,0.0005815029872883259,0.0008352017585370631,0.0009723701662919249,0.0016819375,0.001677125,0.0016898125,842368.0,255.0,3840.0,768.0,256.0
gaussian_strong_d5,gaussian_strong,D,upper,5,3,1024,current_indicator,30,0.5746657749936169,1.1492969213353566e-10,true,0.0,true,2.40073925331587e-8,true,0.003947506256383071,0.0040905608316311815,0.00478726258900446,0.003930512226754252,0.00551300647354904,0.007291213744893544,0.008342037506383071,0.0065288329999999995,0.006355208,0.0067933125,5.483648e6,510.0,NaN,NaN,NaN
gaussian_strong_d5,gaussian_strong,D,upper,5,3,1024,reduced_conditional,30,0.5746657749936169,1.1492969213353566e-10,true,0.0,true,9.305006334720809e-7,true,0.00012195380598212235,0.00010524588604371813,0.0001235138247081957,0.00010366829082904516,0.00014274403742581496,0.00017418089011632666,0.00022269667703600504,0.006461458,0.0063954795000000005,0.0066389165,3.116064e6,275.0,15360.0,3072.0,1024.0
gaussian_strong_d5,gaussian_strong,D,upper,5,3,4096,current_indicator,30,0.5746657749936169,1.1492969213353566e-10,true,0.0,true,7.786234205888579e-8,true,0.001179446868616929,0.0012069510395389764,0.0014760626137679822,0.0011329192569191455,0.001821295141211319,0.0020187953188830713,0.003864993743616929,0.025832917,0.025723875,0.0261312915,2.1401344e7,540.0,NaN,NaN,NaN
gaussian_strong_d5,gaussian_strong,D,upper,5,3,4096,reduced_conditional,30,0.5746657749936169,1.1492969213353566e-10,true,0.0,true,3.4163561227803823e-6,true,2.6864951519156577e-5,2.8782642344604702e-5,3.364101633526448e-5,2.663424698874362e-5,4.0457029220371723e-5,5.192781658024394e-5,6.872131629065414e-5,0.025823,0.0257929165,0.026013959,1.2307872e7,293.0,61440.0,12288.0,4096.0
gaussian_strong_d5,gaussian_strong,D,upper,5,3,16384,current_indicator,30,0.5746657749936169,1.1492969213353566e-10,true,0.0,true,1.7488584536020647e-7,true,0.00044702499361692905,0.0005235837504255381,0.000657169777787441,0.00047200757926817903,0.0008467880074003192,0.001084957428258071,0.001811275787633071,0.10863854149999999,0.1075783125,0.111959542,8.6970752e7,570.0,NaN,NaN,NaN
gaussian_strong_d5,gaussian_strong,D,upper,5,3,16384,reduced_conditional,30,0.5746657749936169,1.1492969213353566e-10,true,0.0,true,1.5493124010506805e-5,true,5.043374559865477e-6,5.73247918429128e-6,7.41810961143763e-6,5.412543310683921e-6,9.302903069388641e-6,1.1283427128205851e-5,1.7342372486295332e-5,0.10685768749999999,0.106312375,0.107382792,5.0056992e7,311.0,245760.0,49152.0,16384.0
gaussian_strong_d5,gaussian_strong,D,upper,5,3,65536,current_indicator,30,0.5746657749936169,1.1492969213353566e-10,true,0.0,true,3.485797668977096e-7,true,0.00028228759765625,0.0002801398620046358,0.0003297084427945632,0.00026534048554262746,0.00039250763030238657,0.0004668614193981791,0.000743160553258071,0.6834471245,0.6629312915,0.687913875,3.58290432e8,600.0,NaN,NaN,NaN
gaussian_strong_d5,gaussian_strong,D,upper,5,3,65536,reduced_conditional,30,0.5746657749936169,1.1492969213353566e-10,true,0.0,true,4.896220026359787e-5,true,1.5171686312820398e-6,1.8668862547717897e-6,2.347314694086224e-6,1.806615606275695e-6,2.841860063436104e-6,4.227889513785943e-6,4.77878047255853e-6,0.510203771,0.48320218800000003,0.6236489585,2.04591264e8,329.0,983040.0,196608.0,65536.0
gaussian_tail_d5,gaussian_moderate,D,lower_asymmetric,5,3,256,current_indicator,30,0.053899655689729487,1.9855772034448342e-11,true,0.0,true,4.447527966733163e-9,true,0.0031184056897294865,0.0034904625747027352,0.00446445130485216,0.0032852389890518662,0.005567499829449289,0.007182224551783592,0.010930905689729487,0.001696542,0.0016198335,0.0017144579999999999,1.462752e6,478.0,NaN,NaN,NaN
gaussian_tail_d5,gaussian_moderate,D,lower_asymmetric,5,3,256,reduced_conditional,30,0.053899655689729487,1.9855772034448342e-11,true,0.0,true,2.2695354395609198e-7,true,7.157705867345127e-5,7.326046847203107e-5,8.748826604923948e-5,6.961623452340224e-5,0.00010450705991046622,0.0001369252149323097,0.00019673362993940374,0.0015969374999999998,0.0015589375,0.0016156245000000001,842368.0,255.0,3840.0,768.0,256.0
gaussian_tail_d5,gaussian_moderate,D,lower_asymmetric,5,3,1024,current_indicator,30,0.053899655689729487,1.9855772034448342e-11,true,0.0,true,1.0196799306192081e-8,true,0.00146484375,0.0015551103419639315,0.0019472553531960542,0.0014383512648857943,0.00244025728183296,0.0031184056897294865,0.0050715306897294865,0.0064878125,0.0062417085,0.0067165,5.483648e6,510.0,NaN,NaN,NaN
gaussian_tail_d5,gaussian_moderate,D,lower_asymmetric,5,3,1024,reduced_conditional,30,0.053899655689729487,1.9855772034448342e-11,true,0.0,true,9.683894523476068e-7,true,1.6311574443220178e-5,1.6634561022256755e-5,2.050391191923169e-5,1.5913574899637564e-5,2.499276716627783e-5,3.295258078874834e-5,4.610395875551815e-5,0.0061478545,0.0060937495000000005,0.00637625,3.116064e6,275.0,15360.0,3072.0,1024.0
gaussian_tail_d5,gaussian_moderate,D,lower_asymmetric,5,3,4096,current_indicator,30,0.053899655689729487,1.9855772034448342e-11,true,0.0,true,2.333953123031756e-8,true,0.0005437036852705135,0.000702816257887436,0.0008507356826711289,0.0006790452204065964,0.0010161933317225725,0.0013138691982164112,0.0016535619397294865,0.0257257505,0.025484896,0.025863604,2.1401344e7,540.0,NaN,NaN,NaN
gaussian_tail_d5,gaussian_moderate,D,lower_asymmetric,5,3,4096,reduced_conditional,30,0.053899655689729487,1.9855772034448342e-11,true,0.0,true,4.124063446216167e-6,true,2.5416755621392173e-6,3.5995973119413068e-6,4.814613619163894e-6,3.218547371974458e-6,6.188130741182985e-6,8.429339739989691e-6,1.215530538539733e-5,0.0250104165,0.024921291499999998,0.025264813,1.2307872e7,293.0,61440.0,12288.0,4096.0
gaussian_tail_d5,gaussian_moderate,D,lower_asymmetric,5,3,16384,current_indicator,30,0.053899655689729487,1.9855772034448342e-11,true,0.0,true,7.569105407819395e-8,true,0.0001774927477705135,0.00020216437842226486,0.00026232653615757543,0.00017996483589834768,0.00033838189113507514,0.0003779271741044866,0.0007268091540205135,0.1097432505,0.1090739375,0.1113624375,8.6970752e7,570.0,NaN,NaN,NaN
gaussian_tail_d5,gaussian_moderate,D,lower_asymmetric,5,3,16384,reduced_conditional,30,0.053899655689729487,1.9855772034448342e-11,true,0.0,true,1.960897037005761e-5,true,7.127818522842388e-7,8.472520910405197e-7,1.0125861613196983e-6,8.134179902859308e-7,1.1946659015498201e-6,1.6896702608536205e-6,1.9044147595431715e-6,0.1046503335,0.104018042,0.1150290229375001,5.0056992e7,311.0,245760.0,49152.0,16384.0
gaussian_tail_d5,gaussian_moderate,D,lower_asymmetric,5,3,65536,current_indicator,30,0.053899655689729487,1.9855772034448342e-11,true,0.0,true,1.5544010764207195e-7,true,8.392333984375e-5,0.00010132192570631397,0.00012773905226680447,9.616360058367804e-5,0.00015741715684727573,0.00020550285769823653,0.0003260472912919865,0.6524006875,0.623797417,0.6823720415,3.59863296e8,600.0,NaN,NaN,NaN
gaussian_tail_d5,gaussian_moderate,D,lower_asymmetric,5,3,65536,reduced_conditional,30,0.053899655689729487,1.9855772034448342e-11,true,0.0,true,8.66947565900182e-5,true,1.3358237073782253e-7,1.7900180449628712e-7,2.2903082972303404e-7,1.6996142330175178e-7,2.8087784855377165e-7,3.837081961895195e-7,5.313402614628981e-7,0.5259744375,0.46870129149999995,0.6102076249999999,2.04591264e8,329.0,983040.0,196608.0,65536.0
genuine_rvine_d5,genuine_rvine,R,asymmetric,5,3,256,current_indicator,30,0.15633547880472826,3.126607787872418e-11,true,0.0,true,3.0569450650881614e-9,true,0.007727021195271744,0.008480637427612318,0.010227883463068537,0.008107215622933484,0.012173197017074845,0.015710478804728256,0.019616728804728256,0.0020615835000000002,0.002046334,0.002082188,1.518448e6,1214.0,NaN,NaN,NaN
genuine_rvine_d5,genuine_rvine,R,asymmetric,5,3,256,reduced_conditional,30,0.15633547880472826,3.126607787872418e-11,true,0.0,true,2.0640905585801583e-7,true,9.785687605508298e-5,0.00012380438523048505,0.00015147628939416016,0.00011627738046057777,0.00018820996367867953,0.00023992012877366298,0.0003914463619820452,0.001516584,0.001507125,0.0015314999999999999,862848.0,767.0,3584.0,768.0,256.0
genuine_rvine_d5,genuine_rvine,R,asymmetric,5,3,1024,current_indicator,30,0.15633547880472826,3.126607787872418e-11,true,0.0,true,5.2512368131281045e-9,true,0.00341796875,0.004540195905721015,0.00595404073199649,0.004225078816782031,0.0074491892029477525,0.009973114945271748,0.013757353804728256,0.0075908125,0.00749575,0.007653958000000001,5.525008e6,1246.0,NaN,NaN,NaN
genuine_rvine_d5,genuine_rvine,R,asymmetric,5,3,1024,reduced_conditional,30,0.15633547880472826,3.126607787872418e-11,true,0.0,true,1.2378168193905188e-6,true,1.8739617852689405e-5,2.1312373489376645e-5,2.5259050764974333e-5,2.038461003899393e-5,3.0050984022019665e-5,4.120851188178787e-5,5.3159411163905546e-5,0.0057381455,0.005712999999999999,0.005780271,3.197984e6,2323.0,14336.0,3072.0,1024.0
genuine_rvine_d5,genuine_rvine,R,asymmetric,5,3,4096,current_indicator,30,0.15633547880472826,3.126607787872418e-11,true,0.0,true,1.5560517968085623e-8,true,0.0013427734375,0.001670733704684783,0.002009321151317097,0.001521997567482124,0.0024833733414248156,0.003373999768717395,0.004797333695271744,0.030797395999999998,0.030498167,0.0310971045,2.1565584e7,1276.0,NaN,NaN,NaN
genuine_rvine_d5,genuine_rvine,R,asymmetric,5,3,4096,reduced_conditional,30,0.15633547880472826,3.126607787872418e-11,true,0.0,true,6.894648939502946e-6,true,2.878166778033653e-6,3.372603125026408e-6,4.534832469799142e-6,3.2029558121533383e-6,5.8250200887391355e-6,7.650742023015968e-6,1.2266774805064218e-5,0.0233041665,0.023237958,0.023460583,1.2635552e7,8485.0,57344.0,12288.0,4096.0
genuine_rvine_d5,genuine_rvine,R,asymmetric,5,3,16384,current_indicator,30,0.15633547880472826,3.126607787872418e-11,true,0.0,true,4.4632675769127514e-8,true,0.00048828125,0.0005619382281358683,0.0007005199069949323,0.0005249033970904972,0.0008549860998168619,0.0012023629921467439,0.0016113577109782562,0.128803958,0.12766731250000002,0.130820166,8.7528208e7,1306.0,NaN,NaN,NaN
genuine_rvine_d5,genuine_rvine,R,asymmetric,5,3,16384,reduced_conditional,30,0.15633547880472826,3.126607787872418e-11,true,0.0,true,2.1443841276719835e-5,true,1.0292523895116812e-6,1.1950485768241758e-6,1.458044642060828e-6,1.1531017642242205e-6,1.7476408448409044e-6,2.4460108955848273e-6,2.906938482843957e-6,0.0969519995,0.096565667,0.09751281249999999,5.1367712e7,33079.0,229376.0,49152.0,16384.0
genuine_rvine_d5,genuine_rvine,R,asymmetric,5,3,65536,current_indicator,30,0.15633547880472826,3.126607787872418e-11,true,0.0,true,9.609999334114617e-8,true,0.0002380666953532562,0.0002666140179578817,0.0003253494281496198,0.0002500252060913915,0.0003973715802619797,0.0005126657265217438,0.0007537545937092438,0.779931979,0.7633556459999999,0.7865458826499999,3.61993616e8,1336.0,NaN,NaN,NaN
genuine_rvine_d5,genuine_rvine,R,asymmetric,5,3,65536,reduced_conditional,30,0.15633547880472826,3.126607787872418e-11,true,0.0,true,0.00011892562005324341,true,1.8926528812246435e-7,2.206132409005024e-7,2.62904476467949e-7,2.0332117956082206e-7,3.170373748809011e-7,4.234192976598772e-7,5.859482319070519e-7,0.511160042,0.44852344375,0.6119432538125,2.09834144e8,131401.0,917504.0,196608.0,65536.0
mixed_d5,mixed,D,asymmetric,5,3,256,current_indicator,30,0.12452997658972591,2.490295954888263e-11,true,0.0,true,4.9304752476764086e-9,true,0.00390625,0.003964051030776304,0.005050823358380854,0.0038399608709142365,0.006190429466412197,0.008282523410274092,0.012188773410274092,0.0056361664999999995,0.005565229,0.0056737085,1.995552e6,26098.0,NaN,NaN,NaN
mixed_d5,mixed,D,asymmetric,5,3,256,reduced_conditional,30,0.12452997658972591,2.490295954888263e-11,true,0.0,true,3.546718781183948e-7,true,4.874026113880353e-5,5.637378498271756e-5,7.021407978833227e-5,5.395852753320108e-5,8.476358649427211e-5,0.00011291065899871333,0.00016103142993073583,0.0032418330000000004,0.0032266244999999997,0.003263104,862848.0,767.0,3840.0,768.0,256.0
mixed_d5,mixed,D,asymmetric,5,3,1024,current_indicator,30,0.12452997658972591,2.490295954888263e-11,true,0.0,true,1.010176314789087e-8,true,0.0014831015897259076,0.002018229166666667,0.002465209209946887,0.001978778650131831,0.002892840160288064,0.0035302312717807273,0.0044127890897259076,0.0217734375,0.0216382085,0.021879375,7.613888e6,102930.0,NaN,NaN,NaN
mixed_d5,mixed,D,asymmetric,5,3,1024,reduced_conditional,30,0.12452997658972591,2.490295954888263e-11,true,0.0,true,2.235026403724374e-6,true,8.39235991222792e-6,9.264597817780034e-6,1.1142132149931276e-5,8.625428167747628e-6,1.3656094862824785e-5,1.671943632602785e-5,2.7426338044964083e-5,0.0127373335,0.0126483755,0.012852562500000001,3.197984e6,2323.0,15360.0,3072.0,1024.0
mixed_d5,mixed,D,asymmetric,5,3,4096,current_indicator,30,0.12452997658972591,2.490295954888263e-11,true,0.0,true,3.6201789124036604e-8,true,0.0005065390897259076,0.000541978132260242,0.0006878930614053,0.0005442697053261007,0.0008218811619682283,0.0012024452852740924,0.0012389609647259076,0.0893271255,0.088095854,0.08957387535,2.9921344e7,410160.0,NaN,NaN,NaN
mixed_d5,mixed,D,asymmetric,5,3,4096,reduced_conditional,30,0.12452997658972591,2.490295954888263e-11,true,0.0,true,9.545179400271585e-6,true,1.8021523878128387e-6,2.0915579622980224e-6,2.6089566790304724e-6,1.9052368475412942e-6,3.291058835383361e-6,4.0761996965899e-6,6.6137645504532605e-6,0.0514194375,0.0511481245,0.0527965205,1.2635552e7,8485.0,61440.0,12288.0,4096.0
mixed_d5,mixed,D,asymmetric,5,3,16384,current_indicator,30,0.12452997658972591,2.490295954888263e-11,true,0.0,true,7.587103911896246e-8,true,0.00028691794152409245,0.00028606548753142463,0.0003282274743836826,0.0002697324428008967,0.00038685858604841706,0.0004211952852740926,0.0007141640352740924,0.3593405205,0.35840675399999994,0.3638466255,1.21049792e8,1.63899e6,NaN,NaN,NaN
mixed_d5,mixed,D,asymmetric,5,3,16384,reduced_conditional,30,0.12452997658972591,2.490295954888263e-11,true,0.0,true,8.12644490989701e-5,true,1.3717137784668987e-7,2.1818546008754252e-7,3.0644346728486265e-7,2.0609913741752045e-7,4.044606576478479e-7,5.291388158135126e-7,8.420509380602237e-7,0.210517583,0.2082529165,0.2119358125,5.1367712e7,33079.0,245760.0,49152.0,16384.0
mixed_d5,mixed,D,asymmetric,5,3,65536,current_indicator,30,0.12452997658972591,2.490295954888263e-11,true,0.0,true,1.9063744441438907e-7,true,9.455178503840755e-5,0.00010791995987226485,0.00013062994851499902,0.00010327287840468689,0.00015572920967033831,0.0002044150662884076,0.00027165915246159245,1.7098865625,1.7013345000000002,1.7247556253875003,4.93032768e8,6.55422e6,NaN,NaN,NaN
mixed_d5,mixed,D,asymmetric,5,3,65536,reduced_conditional,30,0.12452997658972591,2.490295954888263e-11,true,0.0,true,0.0005267075125235015,true,4.2621831577993596e-8,4.1698580818353795e-8,4.7280433555182054e-8,3.90345592149133e-8,5.516790812540192e-8,7.06823355331454e-8,9.259200779709875e-8,1.0409221455000002,0.9122925625,1.059003833,2.09834144e8,131401.0,983040.0,196608.0,65536.0
gaussian_moderate_d10,gaussian_moderate,D,center,10,8,256,current_indicator,30,0.13994323913262255,5.123809921499439e-8,true,0.3414656544745839,true,4.853143243235439e-6,true,0.005859375,0.00829402644898366,0.010557714175532052,0.0077754808280974955,0.01303595617119787,0.02021301086737745,0.02411926086737745,0.005517875,0.0054165210000000005,0.005683479,2.987584e6,1163.0,NaN,NaN,NaN
gaussian_moderate_d10,gaussian_moderate,D,center,10,8,256,reduced_conditional,30,0.13994323913262255,5.123809921499439e-8,true,0.3414656544745839,true,0.000133935774413356,true,0.0003025890180705648,0.0003158689433160037,0.0003825572326693096,0.000297024350521424,0.00046191349985689193,0.0006354778349091873,0.0008538693845898948,0.006675958,0.006626083,0.006829541,2.245408e6,650.0,25600.0,7168.0,256.0
gaussian_moderate_d10,gaussian_moderate,D,center,10,8,1024,current_indicator,30,0.13994323913262255,5.123809921499439e-8,true,0.3414656544745839,true,9.23678088228389e-6,true,0.003224489132622549,0.00420597355101634,0.0055471814117912955,0.00369666931458047,0.007644791529758884,0.0076153546173774525,0.01884948913262255,0.0221908335,0.022084271,0.022514687499999998,1.0885984e7,1225.0,NaN,NaN,NaN
gaussian_moderate_d10,gaussian_moderate,D,center,10,8,1024,reduced_conditional,30,0.13994323913262255,5.123809921499439e-8,true,0.3414656544745839,true,0.0006285691217714476,true,7.039456753918372e-5,6.879521504572586e-5,8.151545699635075e-5,6.522401010831621e-5,9.671952824479108e-5,0.0001287132651116019,0.00016469470899946326,0.0262746455,0.026227478999999998,0.0263373965,8.308544e6,700.0,102400.0,28672.0,1024.0
gaussian_moderate_d10,gaussian_moderate,D,center,10,8,4096,current_indicator,30,0.13994323913262255,5.123809921499439e-8,true,0.3414656544745839,true,2.2308301097735148e-5,true,0.00146484375,0.0018100180255081698,0.0022968176281337868,0.0017451720246069438,0.0028169521100051605,0.004109861818901961,0.004445192257622549,0.09159506249999999,0.09129352099999999,0.09209577099999999,4.2803296e7,1285.0,NaN,NaN,NaN
gaussian_moderate_d10,gaussian_moderate,D,center,10,8,4096,reduced_conditional,30,0.13994323913262255,5.123809921499439e-8,true,0.3414656544745839,true,0.001489056722871517,true,2.4471268915429722e-5,2.7557160305044515e-5,3.440976990868833e-5,2.575344969592687e-5,4.323501819224141e-5,4.560576305713549e-5,9.324837045696088e-5,0.1068940835,0.1063863955,0.1072620205,3.2820032e7,748.0,409600.0,114688.0,4096.0
gaussian_moderate_d10,gaussian_moderate,D,center,10,8,16384,current_indicator,30,0.13994323913262255,5.123809921499439e-8,true,0.3414656544745839,true,4.218100420275142e-5,true,0.0010479718048774511,0.0010254712740343137,0.001214719757943842,0.0009968873364282916,0.0014248822784867317,0.0019085675080024512,0.002308961788872549,0.39864727099999997,0.373182021,0.5247990415,1.73745504e8,1345.0,NaN,NaN,NaN
gaussian_moderate_d10,gaussian_moderate,D,center,10,8,16384,reduced_conditional,30,0.13994323913262255,5.123809921499439e-8,true,0.3414656544745839,true,0.005958989939303845,true,5.332829004611739e-6,6.357038799623127e-6,8.59845372066197e-6,5.863607522070721e-6,1.1219928615714987e-5,1.3782154911939909e-5,2.487978353435394e-5,0.43690537549999997,0.4346594585,0.46335036598749996,1.33484352e8,796.0,1.6384e6,458752.0,16384.0
gaussian_moderate_d10,gaussian_moderate,D,center,10,8,65536,current_indicator,30,0.13994323913262255,5.123809921499439e-8,true,0.3414656544745839,true,0.00010063553661708128,true,0.0003814697265625,0.00039432804320383986,0.0005091451880458055,0.00035734605910644774,0.0006763519196526656,0.0007088637670355391,0.0015972882111274511,1.9692795625,1.9492990835000001,1.9880971454999998,7.15598432e8,1405.0,NaN,NaN,NaN
gaussian_moderate_d10,gaussian_moderate,D,center,10,8,65536,reduced_conditional,30,0.13994323913262255,5.123809921499439e-8,true,0.3414656544745839,true,0.018929739358890054,true,1.9115079855913653e-6,2.2360703848469294e-6,2.7067514371734457e-6,2.125459398054024e-6,3.2487637041658336e-6,3.863296411893426e-6,5.64969027860851e-6,2.0865148749999998,2.060801667,2.190623666,5.4662432e8,844.0,6.5536e6,1.835008e6,65536.0
gaussian_rectangle_d10,gaussian_moderate,D,rectangle,10,8,256,current_indicator,30,0.03564678480966582,6.311063846451901e-8,true,1.2141448891369224,true,8.381604101373132e-6,true,0.004396784809665821,0.005827273628599831,0.007529661112743298,0.00545324943520377,0.009547623076128381,0.012501802847732661,0.01904071519033418,0.0055981045,0.0055337500000000005,0.0057056455,2.987584e6,1163.0,NaN,NaN,NaN
gaussian_rectangle_d10,gaussian_moderate,D,rectangle,10,8,256,reduced_conditional,30,0.03564678480966582,6.311063846451901e-8,true,1.2141448891369224,true,0.0007358088829273704,true,6.292600413583538e-5,6.804847325058589e-5,8.577042208764484e-5,6.10603546418934e-5,0.00011316147335882095,0.00011534583773580023,0.0002673110724582331,0.0085406455,0.008455896000000001,0.0085754795,2.245408e6,650.0,36864.0,7168.0,1024.0
gaussian_rectangle_d10,gaussian_moderate,D,rectangle,10,8,1024,current_indicator,30,0.03564678480966582,6.311063846451901e-8,true,1.2141448891369224,true,1.5210889434504263e-5,true,0.0024436598096658213,0.003418118987311055,0.00414904327168136,0.0030544077982600695,0.005165697940515768,0.006447115347732658,0.010251652690334179,0.022272375,0.0221052505,0.022595394975,1.0885984e7,1225.0,NaN,NaN,NaN
gaussian_rectangle_d10,gaussian_moderate,D,rectangle,10,8,1024,reduced_conditional,30,0.03564678480966582,6.311063846451901e-8,true,1.2141448891369224,true,0.0038121917755348884,true,1.038820571640231e-5,1.3297191895467649e-5,1.6554948486468512e-5,1.2027545702109157e-5,2.085799014882897e-5,2.7729161056538892e-5,4.2735021640948057e-5,0.033375375,0.033273686999999996,0.033575125,8.308544e6,700.0,147456.0,28672.0,4096.0
gaussian_rectangle_d10,gaussian_moderate,D,rectangle,10,8,4096,current_indicator,30,0.03564678480966582,6.311063846451901e-8,true,1.2141448891369224,true,3.493377446730848e-5,true,0.0010963792528341787,0.0013423227255668357,0.00180657943285169,0.0012660370577944682,0.002320322758207879,0.0029522987147673433,0.005129206684665821,0.091743979,0.091483625,0.0920761245,4.2803296e7,1285.0,NaN,NaN,NaN
gaussian_rectangle_d10,gaussian_moderate,D,rectangle,10,8,4096,reduced_conditional,30,0.03564678480966582,6.311063846451901e-8,true,1.2141448891369224,true,0.0157164611374023,true,2.7062645912429018e-6,3.280357504461401e-6,4.015575638355841e-6,3.1429137172101316e-6,4.742488931598945e-6,6.6275165735318905e-6,7.438544401515423e-6,0.134771583,0.134504917,0.135013792,3.2820032e7,748.0,589824.0,114688.0,16384.0
gaussian_rectangle_d10,gaussian_moderate,D,rectangle,10,8,16384,current_indicator,30,0.03564678480966582,6.311063846451901e-8,true,1.2141448891369224,true,7.421811905804886e-5,true,0.0006996507372091787,0.0007407101331443881,0.0008503400418320725,0.0007045199231023026,0.0009785528084074794,0.001286038949142343,0.0014625901903341787,0.3779364165,0.3721807085,0.522081541,1.73745504e8,1345.0,NaN,NaN,NaN
gaussian_rectangle_d10,gaussian_moderate,D,rectangle,10,8,16384,reduced_conditional,30,0.03564678480966582,6.311063846451901e-8,true,1.2141448891369224,true,0.06458567060829153,true,4.786424554377444e-7,7.107203089093406e-7,9.771616191350168e-7,6.673236661884662e-7,1.3266995141221975e-6,1.4670979532283025e-6,3.2042839630541664e-6,0.5464291045,0.545951042,0.6356460071,1.33484352e8,796.0,2.359296e6,458752.0,65536.0
gaussian_rectangle_d10,gaussian_moderate,D,rectangle,10,8,65536,current_indicator,30,0.03564678480966582,6.311063846451901e-8,true,1.2141448891369224,true,0.0001707442755375352,true,0.00032806396484375,0.0003069098118362238,0.0003696208160761748,0.00029729944815063097,0.00043505564386857,0.000550565316329843,0.0007149095262716787,1.9968213335,1.9590404995,2.012266979,7.12452704e8,1405.0,NaN,NaN,NaN
gaussian_rectangle_d10,gaussian_moderate,D,rectangle,10,8,65536,reduced_conditional,30,0.03564678480966582,6.311063846451901e-8,true,1.2141448891369224,true,0.1979504393780217,true,1.9140010273227537e-7,2.3680793539473018e-7,3.188204010196612e-7,2.135073049625879e-7,4.2625211770046454e-7,4.201704408332564e-7,9.461841038727048e-7,2.597851896,2.5274452705,2.643527312,5.48197184e8,844.0,9.437184e6,1.835008e6,262144.0
gaussian_strong_d10,gaussian_strong,D,upper,10,8,256,current_indicator,30,0.5314609178667029,1.791622045017268e-6,false,0.7131170339809362,true,0.00017777709181453658,true,0.008023417866702909,0.008984375,0.010077912889284701,0.008413170267251987,0.011723172342542183,0.015414082133297091,0.01932033213329709,0.0056923335000000005,0.0055520625,0.005744792,2.987584e6,1163.0,NaN,NaN,NaN
gaussian_strong_d10,gaussian_strong,D,upper,10,8,256,reduced_conditional,30,0.5314609178667029,1.791622045017268e-6,false,0.7131170339809362,true,0.0005326475897832846,true,0.002432176651929685,0.0027596398154320022,0.0033636161683303877,0.002663069588483036,0.003946417029400402,0.0055617490386133395,0.005898006767979247,0.0072968124999999995,0.007226436812499999,0.0073685,2.245408e6,650.0,25600.0,7168.0,256.0
gaussian_strong_d10,gaussian_strong,D,upper,10,8,1024,current_indicator,30,0.5314609178667029,1.791622045017268e-6,false,0.7131170339809362,true,0.00036404266775852016,true,0.004117167866702909,0.00419921875,0.0049214616958188585,0.003977491901342928,0.005822827827674718,0.008023417866702909,0.010531269633297091,0.022614395500000002,0.0224488955,0.022995021499999997,1.0885984e7,1225.0,NaN,NaN,NaN
gaussian_strong_d10,gaussian_strong,D,upper,10,8,1024,reduced_conditional,30,0.5314609178667029,1.791622045017268e-6,false,0.7131170339809362,true,0.0023443128326827295,true,0.00040185243587820274,0.0005800142083917473,0.0007642418793429602,0.0005721572462975602,0.0009366854587644659,0.0011789552529658522,0.0016966254900082633,0.0285056255,0.028420624999999998,0.028752896,8.308544e6,700.0,102400.0,28672.0,1024.0
gaussian_strong_d10,gaussian_strong,D,upper,10,8,4096,current_indicator,30,0.5314609178667029,1.791622045017268e-6,false,0.7131170339809362,true,0.0008036284173543602,true,0.0011874803667029088,0.0016808619927729455,0.002229415991678716,0.001570973783055233,0.0028483322382997665,0.003653300679202909,0.006136738383297091,0.093247896,0.092678187,0.0936191455,4.2803296e7,1285.0,NaN,NaN,NaN
gaussian_strong_d10,gaussian_strong,D,upper,10,8,4096,reduced_conditional,30,0.5314609178667029,1.791622045017268e-6,false,0.7131170339809362,true,0.005503301295126185,true,0.00020229304166163864,0.0002715569109174698,0.000325554053637579,0.00025786572331929354,0.000385964468600173,0.0005365075074425408,0.0006273593023988777,0.11579587499999999,0.1155219995,0.11632250050000001,3.2820032e7,748.0,409600.0,114688.0,4096.0
gaussian_strong_d10,gaussian_strong,D,upper,10,8,16384,current_indicator,30,0.5314609178667029,1.791622045017268e-6,false,0.7131170339809362,true,0.002006712014525472,true,0.0005520215864220912,0.000701723951530194,0.0008928147297911772,0.000647938908216886,0.0011354457666451687,0.0012600293989220913,0.002474629008297091,0.385269646,0.379941396,0.4696693755,1.73745504e8,1345.0,NaN,NaN,NaN
gaussian_strong_d10,gaussian_strong,D,upper,10,8,16384,reduced_conditional,30,0.5314609178667029,1.791622045017268e-6,false,0.7131170339809362,true,0.009933133678291427,true,8.908904241194948e-5,0.00013147428662561392,0.00018036826071643488,0.00012137509422900445,0.00023202726872686142,0.0002872901800317519,0.0004568826238011692,0.471358667,0.468999791,0.5614091880000001,1.33484352e8,796.0,1.6384e6,458752.0,16384.0
gaussian_strong_d10,gaussian_strong,D,upper,10,8,65536,current_indicator,30,0.5314609178667029,1.791622045017268e-6,false,0.7131170339809362,true,0.00451003622235176,true,0.0002261766557654088,0.0003073906318031394,0.0003972522517974426,0.00029300103594940066,0.0004953861661360854,0.0006463343910185771,0.0009585985307654088,2.003212875,1.967176625,2.031162083,7.14025568e8,1405.0,NaN,NaN,NaN
gaussian_strong_d10,gaussian_strong,D,upper,10,8,65536,reduced_conditional,30,0.5314609178667029,1.791622045017268e-6,false,0.7131170339809362,true,0.027214634064183948,true,3.8173329854007676e-5,5.052644492030689e-5,6.583303823934739e-5,4.748219971273061e-5,8.21228857235472e-5,0.0001016605539692073,0.00016833122852133453,2.307085687,2.2153032505,2.3428795415000003,5.49770048e8,844.0,6.5536e6,1.835008e6,65536.0
gaussian_tail_d10,gaussian_moderate,D,lower_asymmetric,10,8,256,current_indicator,30,0.028060635369052116,9.443197454563626e-8,true,0.29260632057260444,true,2.2273404948173093e-5,true,0.0031893646309478843,0.003481001382540282,0.004239673941427701,0.003358213460547388,0.005036604584932831,0.007095614630947884,0.008529385369052116,0.005661479,0.0054645005,0.005689,2.987584e6,1163.0,NaN,NaN,NaN
gaussian_tail_d10,gaussian_moderate,D,lower_asymmetric,10,8,256,reduced_conditional,30,0.028060635369052116,9.443197454563626e-8,true,0.29260632057260444,true,0.0005540971683871582,true,0.00011296756821816897,0.00013547202958502197,0.00017042493615425743,0.00012660109112220375,0.00021400285639954292,0.00027761532541453195,0.0004408755923927775,0.007047625,0.0070048335,0.0071823749999999995,2.245408e6,650.0,25600.0,7168.0,256.0
gaussian_tail_d10,gaussian_moderate,D,lower_asymmetric,10,8,1024,current_indicator,30,0.028060635369052116,9.443197454563626e-8,true,0.29260632057260444,true,3.90278058410177e-5,true,0.0016934478690521157,0.0019185013825402822,0.002419607572362921,0.001832216035362546,0.0030982385858764065,0.0036465728690521157,0.006576260369052116,0.0223080835,0.022048083500000003,0.022791687499999998,1.0885984e7,1225.0,NaN,NaN,NaN
gaussian_tail_d10,gaussian_moderate,D,lower_asymmetric,10,8,1024,reduced_conditional,30,0.028060635369052116,9.443197454563626e-8,true,0.29260632057260444,true,0.0018794301236883708,true,3.672874540023088e-5,4.0526272970406564e-5,5.024500424645427e-5,3.781925835820527e-5,6.238852774820253e-5,7.668466662678029e-5,0.00013310300250169924,0.0276772295,0.027588354,0.027912375,8.308544e6,700.0,102400.0,28672.0,1024.0
gaussian_tail_d10,gaussian_moderate,D,lower_asymmetric,10,8,4096,current_indicator,30,0.028060635369052116,9.443197454563626e-8,true,0.29260632057260444,true,8.926670844150981e-5,true,0.0008389556815521157,0.0008738755303562435,0.0010578632974633639,0.0008511581879155557,0.0012523980430580934,0.001717861931552116,0.0019686615059478843,0.09143699999999999,0.09111981250000001,0.091696146,4.2803296e7,1285.0,NaN,NaN,NaN
gaussian_tail_d10,gaussian_moderate,D,lower_asymmetric,10,8,4096,reduced_conditional,30,0.028060635369052116,9.443197454563626e-8,true,0.29260632057260444,true,0.005653520170034861,true,9.685525181260188e-6,1.2243068891956584e-5,1.670321705866559e-5,1.1163522785856773e-5,2.2716876743877697e-5,2.371837860517395e-5,5.58662133444722e-5,0.11289547899999999,0.11238118750000001,0.1132409585,3.2820032e7,748.0,409600.0,114688.0,4096.0
gaussian_tail_d10,gaussian_moderate,D,lower_asymmetric,10,8,16384,current_indicator,30,0.028060635369052116,9.443197454563626e-8,true,0.29260632057260444,true,0.00024821135593883973,true,0.00018310546875,0.00028697632112915374,0.0003804498556822867,0.000276853600716391,0.0004791648269859337,0.0006258880684478843,0.0009920990059478843,0.372941646,0.370801666,0.46545539550000004,1.73745504e8,1345.0,NaN,NaN,NaN
gaussian_tail_d10,gaussian_moderate,D,lower_asymmetric,10,8,16384,reduced_conditional,30,0.028060635369052116,9.443197454563626e-8,true,0.29260632057260444,true,0.024760810535461236,true,2.854358039332608e-6,3.210766343300179e-6,3.813767502093494e-6,3.084879315509103e-6,4.522031493054562e-6,5.779761948163099e-6,8.072859457624454e-6,0.45906760449999995,0.457549125,0.5482335,1.33484352e8,796.0,1.6384e6,458752.0,16384.0
gaussian_tail_d10,gaussian_moderate,D,lower_asymmetric,10,8,65536,current_indicator,30,0.028060635369052116,9.443197454563626e-8,true,0.29260632057260444,true,0.0005175950445694998,true,9.1552734375e-5,0.00014299804872151914,0.00018244373769879952,0.00013431428834454078,0.00022593487858193432,0.0002672509821020576,0.0004580413887603843,1.965781437,1.9164748755,1.9849335620000002,7.12452704e8,1405.0,NaN,NaN,NaN
gaussian_tail_d10,gaussian_moderate,D,lower_asymmetric,10,8,65536,reduced_conditional,30,0.028060635369052116,9.443197454563626e-8,true,0.29260632057260444,true,0.05608171699976644,true,1.0096889654157004e-6,1.3595626042956407e-6,1.6838281635711963e-6,1.2707905862089543e-6,2.0642547198663085e-6,2.422047754942897e-6,4.145360595248643e-6,2.2221467290000003,2.167458958,2.2982834795000002,5.47148608e8,844.0,6.5536e6,1.835008e6,65536.0
mixed_d10,mixed,D,asymmetric,10,8,256,current_indicator,30,0.06639476233248344,1.0671238708687628e-7,false,0.5519655481515291,true,1.9013672637876275e-5,true,0.00391773766751656,0.004686734155498895,0.005612402670397268,0.004276982554334192,0.006834536181909144,0.008191637332483445,0.01173023766751656,0.0268442915,0.026627354,0.026980999999999998,8.458384e6,250928.0,NaN,NaN,NaN
mixed_d10,mixed,D,asymmetric,10,8,256,reduced_conditional,30,0.06639476233248344,1.0671238708687628e-7,false,0.5519655481515291,true,0.00022367185914112992,true,0.0003120591418162566,0.0003941355544454591,0.00047709348639850176,0.0003749170582067699,0.000568424743244015,0.0007916060821047123,0.0009567294789056546,0.0187509585,0.0185885574875,0.018816382987499995,2.265888e6,1162.0,25600.0,7168.0,256.0
mixed_d10,mixed,D,asymmetric,10,8,1024,current_indicator,30,0.06639476233248344,1.0671238708687628e-7,false,0.5519655481515291,true,3.683251227016196e-5,true,0.001953125,0.0022150733556688747,0.0028972334633096436,0.0021249879943415514,0.0036469315857810746,0.004110752634013251,0.00684742516751656,0.10878866649999999,0.106323667,0.1101510781375,3.2761264e7,999790.0,NaN,NaN,NaN
mixed_d10,mixed,D,asymmetric,10,8,1024,reduced_conditional,30,0.06639476233248344,1.0671238708687628e-7,false,0.5519655481515291,true,0.0008183942210253363,true,8.205127585031446e-5,0.0001059111816862269,0.00013039240056360638,9.993958639284057e-5,0.00016320630527954293,0.00020210501067396137,0.00032544904643046213,0.07456279199999999,0.074283354,0.0751274225625,8.390464e6,2748.0,102400.0,28672.0,1024.0
mixed_d10,mixed,D,asymmetric,10,8,4096,current_indicator,30,0.06639476233248344,1.0671238708687628e-7,false,0.5519655481515291,true,7.446593112933784e-5,true,0.0007209342074834396,0.0010676124181688746,0.0014330363626492556,0.0010137973921312458,0.0018193481102657413,0.0022796979465132495,0.0036735970425165604,0.437262833,0.435124417,0.4395325,1.30296496e8,3.99505e6,NaN,NaN,NaN
mixed_d10,mixed,D,asymmetric,10,8,4096,reduced_conditional,30,0.06639476233248344,1.0671238708687628e-7,false,0.5519655481515291,true,0.0019242629643784577,true,4.4066451486524105e-5,4.646155067873266e-5,5.5456239122361674e-5,4.402009209295515e-5,6.593679654763127e-5,8.009489967095579e-5,0.00012229147954194441,0.3000476045,0.298608167,0.301643792,3.3147712e7,8940.0,409600.0,114688.0,4096.0
mixed_d10,mixed,D,asymmetric,10,8,16384,current_indicator,30,0.06639476233248344,1.0671238708687628e-7,false,0.5519655481515291,true,0.00015406799078985131,true,0.000518798828125,0.0005353378980866454,0.0006926317824994027,0.0004984397859351825,0.0008785062076898998,0.0011565813503617516,0.0019035775112665604,1.9246037710000001,1.9165859196000001,1.928621958,5.23710384e8,1.597591e7,NaN,NaN,NaN
mixed_d10,mixed,D,asymmetric,10,8,16384,reduced_conditional,30,0.06639476233248344,1.0671238708687628e-7,false,0.5519655481515291,true,0.004965307226591592,true,1.4102230392484816e-5,1.6610119224571654e-5,2.149159804561145e-5,1.545405177668334e-5,2.7287995763824564e-5,2.9829921077166614e-5,5.419386605984289e-5,1.2280869375,1.207278625,1.3561172915,1.34795072e8,33564.0,1.6384e6,458752.0,16384.0
mixed_d10,mixed,D,asymmetric,10,8,65536,current_indicator,30,0.06639476233248344,1.0671238708687628e-7,false,0.5519655481515291,true,0.0004171617609703693,true,0.00015644616361031038,0.00020269048642818736,0.0002558057738529299,0.00019081244469441153,0.00031751129861447085,0.0004531511745805018,0.0005683463168584396,7.7320648335,7.7180508539999995,7.797201083,2.115450032e9,6.389917e7,NaN,NaN,NaN
mixed_d10,mixed,D,asymmetric,10,8,65536,reduced_conditional,30,0.06639476233248344,1.0671238708687628e-7,false,0.5519655481515291,true,0.011958032603802697,true,5.2839723736000654e-6,6.908514581772477e-6,8.92390835704373e-6,6.373701542772994e-6,1.156023513897128e-5,1.2314297764058626e-5,2.6030774376087362e-5,5.290294583,5.2644084165,5.3029975835,5.53964352e8,131916.0,6.5536e6,1.835008e6,65536.0
gaussian_moderate_d20,gaussian_moderate,D,center,20,18,256,current_indicator,30,0.09225190775604927,3.2105415819804575e-7,false,0.30326709529393675,true,2.9665680742752297e-5,true,0.0078125,0.00905391229919343,0.01082240994171298,0.00851037857861641,0.012992994444033124,0.018033157756049273,0.021939407756049273,0.030877979,0.030659875,0.031001708500000003,8.235472e6,4286.0,NaN,NaN,NaN
gaussian_moderate_d20,gaussian_moderate,D,center,20,18,256,reduced_conditional,30,0.09225190775604927,3.2105415819804575e-7,false,0.30326709529393675,true,0.00032332987293193205,true,0.0007924390380729673,0.0008213576844932957,0.0009929616316820642,0.0007888743537646037,0.001190067678946419,0.0014884109688038773,0.002136852211481244,0.0291001455,0.028979395999999998,0.02939375,5.08856e6,1441.0,126720.0,39168.0,256.0
gaussian_moderate_d20,gaussian_moderate,D,center,20,18,1024,current_indicator,30,0.09225190775604927,3.2105415819804575e-7,false,0.30326709529393675,true,5.4189527145133635e-5,true,0.004427779743950727,0.004778506551209855,0.005924653251507054,0.0045998646854904885,0.007303465430029421,0.009348401204839419,0.014126907756049273,0.1273439375,0.126946937,0.1275492295,2.3954416e7,4408.0,NaN,NaN,NaN
gaussian_moderate_d20,gaussian_moderate,D,center,20,18,1024,reduced_conditional,30,0.09225190775604927,3.2105415819804575e-7,false,0.30326709529393675,true,0.0011124265852446137,true,0.00015430312305901583,0.0002081357875807895,0.00028860705277683425,0.0001948272043589699,0.0003695592071598727,0.0005134675903137377,0.0007830392205904618,0.116263125,0.116002646,0.116640958,1.8693712e7,1551.0,506880.0,156672.0,1024.0
gaussian_moderate_d20,gaussian_moderate,D,center,20,18,4096,current_indicator,30,0.09225190775604927,3.2105415819804575e-7,false,0.30326709529393675,true,0.00017314459581909891,true,0.0012539516189507272,0.0015084786646502423,0.0018542545707489618,0.0014103762356482137,0.0022819487751421963,0.002980700357660582,0.004427779743950727,0.5204714374999999,0.5193351665,0.5214435,8.7739888e7,4528.0,NaN,NaN,NaN
gaussian_moderate_d20,gaussian_moderate,D,center,20,18,4096,reduced_conditional,30,0.09225190775604927,3.2105415819804575e-7,false,0.30326709529393675,true,0.002651620591066183,true,9.577487912054705e-5,0.00010277002082444698,0.00012107846774147805,9.341301989281242e-5,0.00014628023501349623,0.0001666065265412007,0.00029574728803448413,0.46651183350000003,0.46592072900000003,0.46695312499999997,7.384456e7,1659.0,2.02752e6,626688.0,4096.0
gaussian_moderate_d20,gaussian_moderate,D,center,20,18,16384,current_indicator,30,0.09225190775604927,3.2105415819804575e-7,false,0.30326709529393675,true,0.0003155586188821716,true,0.0006436000564507272,0.0007916045870967151,0.0010174152724312885,0.0007183781566350946,0.0013058962050144646,0.0018105594079644185,0.002840865681450727,2.2608584165,2.258807209,2.265835896,3.54146288e8,4648.0,NaN,NaN,NaN
gaussian_moderate_d20,gaussian_moderate,D,center,20,18,16384,reduced_conditional,30,0.09225190775604927,3.2105415819804575e-7,false,0.30326709529393675,true,0.008595274736933846,true,2.7493161692482282e-5,3.126560221280485e-5,3.735240210746003e-5,2.909711362845064e-5,4.4875341746535543e-5,6.015491832285225e-5,8.227157566453869e-5,2.060205521,2.0574669995,2.0628699375000004,3.03485008e8,1767.0,8.11008e6,2.506752e6,16384.0
gaussian_moderate_d20,gaussian_moderate,D,center,20,18,65536,current_indicator,30,0.09225190775604927,3.2105415819804575e-7,false,0.30326709529393675,true,0.0005662315288924201,true,0.0004931797287055228,0.0004946737740089727,0.0005670015564587956,0.0004614808131643374,0.0006786692641383661,0.0008548130294867729,0.0012997279861382272,9.827544,9.79124075,9.8992114795,1.470095856e9,4768.0,NaN,NaN,NaN
gaussian_moderate_d20,gaussian_moderate,D,center,20,18,65536,reduced_conditional,30,0.09225190775604927,3.2105415819804575e-7,false,0.30326709529393675,true,0.017194733977645572,true,1.3452402214710057e-5,1.5104739124884952e-5,1.867165602070029e-5,1.4567939259994488e-5,2.222731605677662e-5,2.986538976405967e-5,4.082374903763286e-5,8.433376979,8.399397958,8.4569995625,1.249565008e9,1875.0,3.244032e7,1.0027008e7,65536.0
gaussian_rectangle_d20,gaussian_moderate,D,rectangle,20,18,256,current_indicator,30,0.004286238519738035,8.946802071243728e-8,true,0.17457841697409746,true,2.130456916644871e-5,true,0.004286238519738035,0.0033276605438602854,0.0041994757093391545,0.0031475778558119603,0.005218101761489039,0.004600865815790433,0.011338761480261965,0.0308560415,0.0301635,0.0311363125,8.235472e6,4286.0,NaN,NaN,NaN
gaussian_rectangle_d20,gaussian_moderate,D,rectangle,20,18,256,reduced_conditional,30,0.004286238519738035,8.946802071243728e-8,true,0.17457841697409746,true,0.0014264611578642078,true,4.241759319524368e-5,5.175964843396035e-5,6.272026421413025e-5,4.953898531342048e-5,7.439466286900901e-5,0.0001028359076463742,0.00012197849638123821,0.0379946875,0.0379120205,0.0382838335,5.08856e6,1441.0,175104.0,39168.0,1024.0
gaussian_rectangle_d20,gaussian_moderate,D,rectangle,20,18,1024,current_indicator,30,0.004286238519738035,8.946802071243728e-8,true,0.17457841697409746,true,4.089827983311456e-5,true,0.001573136480261965,0.0019205729166666666,0.0021875741737185906,0.0017738850802287726,0.0025911447313295075,0.003526261480261965,0.004502823980261965,0.127279583,0.12680775,0.128009791,2.3954416e7,4408.0,NaN,NaN,NaN
gaussian_rectangle_d20,gaussian_moderate,D,rectangle,20,18,1024,reduced_conditional,30,0.004286238519738035,8.946802071243728e-8,true,0.17457841697409746,true,0.0038263124241530006,true,1.767873965548847e-5,1.945560852607437e-5,2.3382309334617932e-5,1.8187472109725395e-5,2.814517738112584e-5,3.637211718782115e-5,4.739000573749687e-5,0.15141656199999998,0.15088574999999999,0.1516611455,1.8693712e7,1551.0,700416.0,156672.0,4096.0
gaussian_rectangle_d20,gaussian_moderate,D,rectangle,20,18,4096,current_indicator,30,0.004286238519738035,8.946802071243728e-8,true,0.17457841697409746,true,9.134398658242902e-5,true,0.0005965739802619649,0.0007531619155698573,0.000979462623209478,0.0007110219563077846,0.001246639298103817,0.0015975505427619652,0.002549698980261965,0.521701063,0.5203713335,0.5235857085,8.7739888e7,4528.0,NaN,NaN,NaN
gaussian_rectangle_d20,gaussian_moderate,D,rectangle,20,18,4096,reduced_conditional,30,0.004286238519738035,8.946802071243728e-8,true,0.17457841697409746,true,0.00879885988189338,true,5.178445910308891e-6,7.482905289868854e-6,1.0168137908020093e-5,7.046963252155854e-6,1.2963068377902042e-5,1.829883262648366e-5,2.6010533190194175e-5,0.6084574375,0.6074396040000001,0.6091205205,7.384456e7,1659.0,2.801664e6,626688.0,16384.0
gaussian_rectangle_d20,gaussian_moderate,D,rectangle,20,18,16384,current_indicator,30,0.004286238519738035,8.946802071243728e-8,true,0.17457841697409746,true,0.00018675725464810576,true,0.0003662109375,0.0004065060531801427,0.00047906048351918596,0.0003861253300447759,0.0005579982940300855,0.0007495474564154282,0.0008407146052619649,2.2685005625,2.263051042,2.2711641040000003,3.5886488e8,4648.0,NaN,NaN,NaN
gaussian_rectangle_d20,gaussian_moderate,D,rectangle,20,18,16384,reduced_conditional,30,0.004286238519738035,8.946802071243728e-8,true,0.17457841697409746,true,0.023747319213333732,true,2.5623900397815126e-6,2.902585660493652e-6,3.767499813713813e-6,2.670664382672859e-6,4.7621002524523505e-6,5.8129944453737085e-6,1.0205848315117914e-5,2.626590208,2.6242555415,2.630373375,3.0427144e8,1767.0,1.1206656e7,2.506752e6,65536.0
gaussian_rectangle_d20,gaussian_moderate,D,rectangle,20,18,65536,current_indicator,30,0.004286238519738035,8.946802071243728e-8,true,0.17457841697409746,true,0.0004868503755075385,true,0.00011444091796875,0.00014687936348652396,0.00018376902887086698,0.00014094073210257733,0.0002208981316601663,0.00029444995682446494,0.0003982097224494649,9.944018167,9.8705887295,10.0353269117875,1.459085808e9,4768.0,NaN,NaN,NaN
gaussian_rectangle_d20,gaussian_moderate,D,rectangle,20,18,65536,reduced_conditional,30,0.004286238519738035,8.946802071243728e-8,true,0.17457841697409746,true,0.07200378295208196,true,9.602619296857767e-7,1.0044796344058257e-6,1.2425461141670522e-6,9.32594813348657e-7,1.5320131849577985e-6,2.0000049182442027e-6,3.1837750503679874e-6,10.842842103999999,10.821427499999999,10.961650645999999,1.247467856e9,1875.0,4.4826624e7,1.0027008e7,262144.0
gaussian_strong_d20,gaussian_strong,D,upper,20,18,256,current_indicator,30,0.48963214195962546,5.773016681782636e-6,false,0.15637470016316016,true,0.0005797072250910348,true,0.006461608040374545,0.007942708333333333,0.009958503934250715,0.007559561173636546,0.012350909909815064,0.018180358040374545,0.022086608040374545,0.0313742295,0.030848854000000002,0.031734354,8.235472e6,4286.0,NaN,NaN,NaN
gaussian_strong_d20,gaussian_strong,D,upper,20,18,256,reduced_conditional,30,0.48963214195962546,5.773016681782636e-6,false,0.15637470016316016,true,0.0014331938863517335,true,0.002224469609869162,0.0029662464550302228,0.0040280779430884525,0.00281599303892761,0.005047867615344962,0.006167789240767193,0.010121967272587906,0.030905104000000003,0.0307967537875,0.0312291875,5.08856e6,1441.0,126720.0,39168.0,256.0
gaussian_strong_d20,gaussian_strong,D,upper,20,18,1024,current_indicator,30,0.48963214195962546,5.773016681782636e-6,false,0.15637470016316016,true,0.0011018270523314366,true,0.0035319205403745446,0.004264322916666666,0.005239494410277082,0.003941760559067547,0.0064663007048415735,0.009466161432299638,0.012320983040374545,0.1303862705,0.13015872950000001,0.130780167,2.3954416e7,4408.0,NaN,NaN,NaN
gaussian_strong_d20,gaussian_strong,D,upper,20,18,1024,reduced_conditional,30,0.48963214195962546,5.773016681782636e-6,false,0.15637470016316016,true,0.0028485858293961198,true,0.0012532322731251822,0.0016797279461827094,0.002026625500347474,0.0015425358952984097,0.0024585023826473877,0.0032645180132764738,0.004462302451394118,0.123040875,0.122589708,0.1234295,1.8693712e7,1551.0,506880.0,156672.0,1024.0
gaussian_strong_d20,gaussian_strong,D,upper,20,18,4096,current_indicator,30,0.48963214195962546,5.773016681782636e-6,false,0.15637470016316016,true,0.002706048020871639,true,0.0008626107096254554,0.0015131306401916364,0.0021333755488652053,0.0014144767971285713,0.0028473380958442818,0.0033366080403745453,0.006461608040374545,0.5339301670000001,0.533195574325,0.5349915624999999,8.7739888e7,4528.0,NaN,NaN,NaN
gaussian_strong_d20,gaussian_strong,D,upper,20,18,4096,reduced_conditional,30,0.48963214195962546,5.773016681782636e-6,false,0.15637470016316016,true,0.005983857631534196,true,0.0007166547587597882,0.0007843679712672599,0.0009647650457724037,0.0007439143376165207,0.001166626479933899,0.0015591581069504868,0.002094314702464628,0.4943568545,0.4938609375,0.495154271,7.384456e7,1659.0,2.02752e6,626688.0,4096.0
gaussian_strong_d20,gaussian_strong,D,upper,20,18,16384,current_indicator,30,0.48963214195962546,5.773016681782636e-6,false,0.15637470016316016,true,0.004876502448740687,true,0.0009236458658754554,0.0009985312565084245,0.0011838436958589993,0.0009698121241953455,0.001377155136849185,0.0019063118815004555,0.0021281119466245446,2.3206695415,2.3158848745,2.325382875,3.54146288e8,4648.0,NaN,NaN,NaN
gaussian_strong_d20,gaussian_strong,D,upper,20,18,16384,reduced_conditional,30,0.48963214195962546,5.773016681782636e-6,false,0.15637470016316016,true,0.014739160744171828,true,0.0003104089081787942,0.0003257121099321488,0.00039167879243500397,0.0002992501478961743,0.00048361573716345675,0.0006012075488620761,0.0009110564628261875,2.1711760625,2.164773542,2.1743572705,3.02698576e8,1767.0,8.109994e6,2.506735e6,16383.0
gaussian_strong_d20,gaussian_strong,D,upper,20,18,65536,current_indicator,30,0.48963214195962546,5.773016681782636e-6,false,0.15637470016316016,true,0.009615882660840657,true,0.00038909912109375,0.0004632933441853559,0.0006003626380854711,0.00043490803869994084,0.0007440848570521166,0.0009343270182192055,0.0015635367513120446,10.2752921875,10.239774833,10.298337415999999,1.45594008e9,4768.0,NaN,NaN,NaN
gaussian_strong_d20,gaussian_strong,D,upper,20,18,65536,reduced_conditional,30,0.48963214195962546,5.773016681782636e-6,false,0.15637470016316016,true,0.03336238179598717,true,7.204303360536235e-5,0.00012061296198954315,0.00017303970433181167,0.00011575919032966284,0.0002321334009386919,0.0003136256706876395,0.0005073917025676944,9.0294490625,9.0085225,9.0775261875,1.246943568e9,1875.0,3.2440062e7,1.0026957e7,65533.0
gaussian_tail_d20,gaussian_moderate,D,lower_asymmetric,20,18,256,current_indicator,30,0.01449478119015392,8.953346125747518e-8,true,0.7261499692971335,true,2.2965744466457127e-5,true,0.0027760311901539204,0.003351043761969216,0.003898565595739527,0.0032048793415608095,0.004562838209307428,0.00668228119015392,0.00668228119015392,0.031035562500000002,0.030378416,0.031237188,8.235472e6,4286.0,NaN,NaN,NaN
gaussian_tail_d20,gaussian_moderate,D,lower_asymmetric,20,18,256,reduced_conditional,30,0.01449478119015392,8.953346125747518e-8,true,0.7261499692971335,true,0.0006728397065983186,true,9.337063437621709e-5,0.00010298559173159317,0.0001330680403957285,9.582082286119757e-5,0.00016982971814059926,0.0001819630268932895,0.000369558030719681,0.0310584785,0.03089725,0.031218271,5.08856e6,1441.0,126720.0,39168.0,256.0
gaussian_tail_d20,gaussian_moderate,D,lower_asymmetric,20,18,1024,current_indicator,30,0.01449478119015392,8.953346125747518e-8,true,0.7261499692971335,true,4.77548698011079e-5,true,0.0009765625,0.0014304708453025494,0.0018748551012780278,0.001357818956294278,0.002348954633297936,0.003181000059846081,0.00405990630984608,0.1272571255,0.12672056250000002,0.127420896,2.3954416e7,4408.0,NaN,NaN,NaN
gaussian_tail_d20,gaussian_moderate,D,lower_asymmetric,20,18,1024,reduced_conditional,30,0.01449478119015392,8.953346125747518e-8,true,0.7261499692971335,true,0.0020025060120693497,true,3.234468120264129e-5,3.667911768182192e-5,4.471070784199698e-5,3.427522141441906e-5,5.4303004554806034e-5,8.091948547352384e-5,9.664368490666653e-5,0.124049042,0.12365721073750001,0.124292979,1.8693712e7,1551.0,506880.0,156672.0,1024.0
gaussian_tail_d20,gaussian_moderate,D,lower_asymmetric,20,18,4096,current_indicator,30,0.01449478119015392,8.953346125747518e-8,true,0.7261499692971335,true,0.00010372740171382994,true,0.0005787655651539204,0.0007014057012384961,0.0008631611298284135,0.0006626482198777002,0.001068118983597202,0.0013111874401539204,0.0022877499401539204,0.5199138335,0.5193619165000001,0.520644875,8.7739888e7,4528.0,NaN,NaN,NaN
gaussian_tail_d20,gaussian_moderate,D,lower_asymmetric,20,18,4096,reduced_conditional,30,0.01449478119015392,8.953346125747518e-8,true,0.7261499692971335,true,0.004485233677216271,true,1.683411976885745e-5,1.654280523666653e-5,1.996182756592595e-5,1.5534188276825392e-5,2.420025230828639e-5,3.397174048245019e-5,4.3548090083242105e-5,0.4985943545,0.4978695835,0.499512854,7.384456e7,1659.0,2.02752e6,626688.0,4096.0
gaussian_tail_d20,gaussian_moderate,D,lower_asymmetric,20,18,16384,current_indicator,30,0.01449478119015392,8.953346125747518e-8,true,0.7261499692971335,true,0.00021042233347761744,true,0.00030517578125,0.00035785923282245075,0.00042549409930861174,0.00033742410783593925,0.0005127710358318065,0.0006480410754710797,0.0009449765026539204,2.2677395625,2.2654563960000003,2.2705687915,3.57292016e8,4648.0,NaN,NaN,NaN
gaussian_tail_d20,gaussian_moderate,D,lower_asymmetric,20,18,16384,reduced_conditional,30,0.01449478119015392,8.953346125747518e-8,true,0.7261499692971335,true,0.011679042014480116,true,6.293931636139859e-6,6.372262796430367e-6,7.66616484010146e-6,6.099573172868254e-6,9.220368019664739e-6,1.3422799357480989e-5,1.6255099085250163e-5,2.192373333,2.1883368755,2.194951521,3.05844304e8,1767.0,8.11008e6,2.506752e6,16384.0
gaussian_tail_d20,gaussian_moderate,D,lower_asymmetric,20,18,65536,current_indicator,30,0.01449478119015392,8.953346125747518e-8,true,0.7261499692971335,true,0.000501178755569461,true,9.918212890625e-5,0.0001360881344485379,0.0001786457631384303,0.00012062959480378304,0.00024140881976425475,0.0002633059072518637,0.0005787655651539204,10.024733417,9.9706869795,10.110982291500001,1.459610096e9,4768.0,NaN,NaN,NaN
gaussian_tail_d20,gaussian_moderate,D,lower_asymmetric,20,18,65536,reduced_conditional,30,0.01449478119015392,8.953346125747518e-8,true,0.7261499692971335,true,0.03580637823165263,true,1.8342718726884616e-6,1.994788164166236e-6,2.5004891776049027e-6,1.9344862182618882e-6,2.9930520240461047e-6,4.2983782981112155e-6,5.175032513035291e-6,9.0631637085,9.0467803955,9.080442729,1.247467856e9,1875.0,3.244032e7,1.0027008e7,65536.0
mixed_d20,mixed,D,asymmetric,20,18,256,current_indicator,30,0.027073667576850435,9.88977094512385e-7,false,0.17824650445179205,true,0.00019364470751772483,true,0.0036361675768504347,0.003623657969259826,0.005107173375352183,0.0036893280323127965,0.006440704687930501,0.008082582423149565,0.011988832423149565,0.1543527295,0.15331557395,0.15590781250000002,5.7285872e7,2.194416e6,NaN,NaN,NaN
mixed_d20,mixed,D,asymmetric,20,18,256,reduced_conditional,30,0.027073667576850435,9.88977094512385e-7,false,0.17824650445179205,true,0.0015036075846751819,true,0.00035845216370867725,0.0005222267427441875,0.0006577361703891841,0.0004968510532778243,0.000793414890567177,0.001248411530486528,0.001349853710877976,0.114379167,0.114099521,0.115623229,5.10904e6,1953.0,126720.0,39168.0,256.0
mixed_d20,mixed,D,asymmetric,20,18,1024,current_indicator,30,0.027073667576850435,9.88977094512385e-7,false,0.17824650445179205,true,0.00036131537059086325,true,0.0022232074231495653,0.0023402910935800578,0.0027371575499129724,0.002215119911508372,0.003247075559377286,0.004219972188519653,0.005589292576850435,0.6133426879999999,0.6109505625,0.6146645625,2.20092176e8,8.760938e6,NaN,NaN,NaN
mixed_d20,mixed,D,asymmetric,20,18,1024,reduced_conditional,30,0.027073667576850435,9.88977094512385e-7,false,0.17824650445179205,true,0.004519272728988635,true,0.0001403015642793947,0.00017703067612811937,0.0002188354529189274,0.00017253589857448807,0.00026157688875070456,0.0003475581305034257,0.0004268332766618685,0.45661927049999995,0.454892854,0.4580112085,1.8775632e7,3599.0,506880.0,156672.0,1024.0
mixed_d20,mixed,D,asymmetric,20,18,4096,current_indicator,30,0.027073667576850435,9.88977094512385e-7,false,0.17824650445179205,true,0.0005921461859668041,true,0.001220703125,0.0014271033070367538,0.0016701569949279843,0.0013030099836056435,0.0020355097691591817,0.0024673480481495653,0.004124448826850435,2.454062708,2.446297021,2.4613021455,8.72227088e8,3.5026658e7,NaN,NaN,NaN
mixed_d20,mixed,D,asymmetric,20,18,4096,reduced_conditional,30,0.027073667576850435,9.88977094512385e-7,false,0.17824650445179205,true,0.0075330659416760065,true,9.518357396520911e-5,0.00010679603390488674,0.00013128480517354276,9.944473840309051e-5,0.00016127225286065132,0.0002045546493271604,0.00029520328466656545,1.833023958,1.82717725,1.9928938125,7.417224e7,9851.0,2.02752e6,626688.0,4096.0
mixed_d20,mixed,D,asymmetric,20,18,16384,current_indicator,30,0.027073667576850435,9.88977094512385e-7,false,0.17824650445179205,true,0.0019452531904410124,true,0.0003662109375,0.00039988237004657975,0.0005084053322067406,0.0003709841963986244,0.0006638392468412236,0.0006506332802303479,0.0014907855481495653,10.083654604,10.067211875,10.220808145500001,3.499895568e9,1.40089178e8,NaN,NaN,NaN
mixed_d20,mixed,D,asymmetric,20,18,16384,reduced_conditional,30,0.027073667576850435,9.88977094512385e-7,false,0.17824650445179205,true,0.017164359169849444,true,4.952911055284767e-5,4.958883722218204e-5,5.761806104882735e-5,4.6820741241067145e-5,6.691469055595507e-5,8.892044642037114e-5,0.0001019845192109757,7.494083604,7.4883095522500005,7.502542546362499,3.07155024e8,34535.0,8.11008e6,2.506752e6,16384.0
mixed_d20,mixed,D,asymmetric,20,18,65536,current_indicator,30,0.027073667576850435,9.88977094512385e-7,false,0.17824650445179205,true,0.0037627434860680593,true,0.00017547607421875,0.00020996118506577539,0.0002628340460023845,0.00020064216202433647,0.0003196736728213362,0.00045471377080581537,0.0005844097643504347,41.3792021665,41.142691771,41.4420807085,1.4016328976e10,5.60338898e8,NaN,NaN,NaN
mixed_d20,mixed,D,asymmetric,20,18,65536,reduced_conditional,30,0.027073667576850435,9.88977094512385e-7,false,0.17824650445179205,true,0.054058203024068816,true,1.1889522916358822e-5,1.514463324690125e-5,1.8294672023634485e-5,1.4469988273217544e-5,2.1886048499323268e-5,2.9474181253161957e-5,3.5070810087089316e-5,30.3877109375,30.234183624499998,30.48575975,1.252186448e9,132947.0,3.244032e7,1.0027008e7,65536.0
