event,d,N,rep,seed,method,estimate,runtime_s,bytes,allocations,hfunc_calls,hinv_calls,pair_cdf_calls
joint_lower_10pct,10,256,1,20340906,current_indicator,0.0078125,0.909927542,94726976,1764469,NaN,NaN,NaN
joint_lower_10pct,10,256,1,20340906,reduced_conditional,0.004377863952713575,0.862298125,67515456,1564229,22528,7168,256
joint_lower_10pct,10,256,2,20340907,current_indicator,0.0078125,0.00426425,3237088,4238,NaN,NaN,NaN
joint_lower_10pct,10,256,2,20340907,reduced_conditional,0.0045992676330252735,0.008858667,2245408,650,22528,7168,256
joint_lower_10pct,10,256,3,20340908,current_indicator,0.0078125,0.004039125,3237088,4238,NaN,NaN,NaN
joint_lower_10pct,10,256,3,20340908,reduced_conditional,0.0043904873306566785,0.008930042,2245408,650,22528,7168,256
joint_lower_10pct,10,256,4,20340909,current_indicator,0.00390625,0.004062125,3237088,4238,NaN,NaN,NaN
joint_lower_10pct,10,256,4,20340909,reduced_conditional,0.004366406116311354,0.008862375,2245408,650,22528,7168,256
joint_lower_10pct,10,256,5,20340910,current_indicator,0.0,0.004012167,3237088,4238,NaN,NaN,NaN
joint_lower_10pct,10,256,5,20340910,reduced_conditional,0.004392997289603782,0.00892275,2245408,650,22528,7168,256
joint_lower_10pct,10,256,6,20340911,current_indicator,0.00390625,0.004113041,3237088,4238,NaN,NaN,NaN
joint_lower_10pct,10,256,6,20340911,reduced_conditional,0.004446050410308679,0.009078667,2245408,650,22528,7168,256
joint_lower_10pct,10,256,7,20340912,current_indicator,0.01171875,0.004297167,3237088,4238,NaN,NaN,NaN
joint_lower_10pct,10,256,7,20340912,reduced_conditional,0.0043984520135198595,0.009013542,2245408,650,22528,7168,256
joint_lower_10pct,10,256,8,20340913,current_indicator,0.0078125,0.004219083,3237088,4238,NaN,NaN,NaN
joint_lower_10pct,10,256,8,20340913,reduced_conditional,0.004318675402034532,0.009062459,2245408,650,22528,7168,256
joint_lower_10pct,10,256,9,20340914,current_indicator,0.0,0.00425525,3237088,4238,NaN,NaN,NaN
joint_lower_10pct,10,256,9,20340914,reduced_conditional,0.004372936113614435,0.009101,2245408,650,22528,7168,256
joint_lower_10pct,10,256,10,20340915,current_indicator,0.0078125,0.01647675,3237088,4238,NaN,NaN,NaN
joint_lower_10pct,10,256,10,20340915,reduced_conditional,0.004395653580441335,0.008898125,2245408,650,22528,7168,256
joint_lower_10pct,10,256,11,20340916,current_indicator,0.00390625,0.004143083,3237088,4238,NaN,NaN,NaN
joint_lower_10pct,10,256,11,20340916,reduced_conditional,0.004383687406140035,0.008851083,2245408,650,22528,7168,256
joint_lower_10pct,10,256,12,20340917,current_indicator,0.0,0.003996458,3237088,4238,NaN,NaN,NaN
joint_lower_10pct,10,256,12,20340917,reduced_conditional,0.004465164456037913,0.008877291,2245408,650,22528,7168,256
joint_lower_10pct,10,256,13,20340918,current_indicator,0.00390625,0.003967792,3237088,4238,NaN,NaN,NaN
joint_lower_10pct,10,256,13,20340918,reduced_conditional,0.004348961963020687,0.008921209,2245408,650,22528,7168,256
joint_lower_10pct,10,256,14,20340919,current_indicator,0.0078125,0.004119875,3237088,4238,NaN,NaN,NaN
joint_lower_10pct,10,256,14,20340919,reduced_conditional,0.004339819296977914,0.008830625,2245408,650,22528,7168,256
joint_lower_10pct,10,256,15,20340920,current_indicator,0.00390625,0.003979292,3237088,4238,NaN,NaN,NaN
joint_lower_10pct,10,256,15,20340920,reduced_conditional,0.0043906542550694585,0.008832417,2245408,650,22528,7168,256
joint_lower_10pct,10,256,16,20340921,current_indicator,0.0078125,0.003972416,3237088,4238,NaN,NaN,NaN
joint_lower_10pct,10,256,16,20340921,reduced_conditional,0.004404125308983866,0.008846167,2245408,650,22528,7168,256
joint_lower_10pct,10,256,17,20340922,current_indicator,0.0,0.003929041,3237088,4238,NaN,NaN,NaN
joint_lower_10pct,10,256,17,20340922,reduced_conditional,0.0044551349438569235,0.008870459,2245408,650,22528,7168,256
joint_lower_10pct,10,256,18,20340923,current_indicator,0.0078125,0.003956084,3237088,4238,NaN,NaN,NaN
joint_lower_10pct,10,256,18,20340923,reduced_conditional,0.004283654344867704,0.008828042,2245408,650,22528,7168,256
joint_lower_10pct,10,256,19,20340924,current_indicator,0.00390625,0.009420125,3237088,4238,NaN,NaN,NaN
joint_lower_10pct,10,256,19,20340924,reduced_conditional,0.004522496272540071,0.00886925,2245408,650,22528,7168,256
joint_lower_10pct,10,256,20,20340925,current_indicator,0.0,0.004004959,3237088,4238,NaN,NaN,NaN
joint_lower_10pct,10,256,20,20340925,reduced_conditional,0.00449484761781539,0.008826375,2245408,650,22528,7168,256
joint_lower_10pct,10,256,21,20340926,current_indicator,0.01171875,0.003968625,3237088,4238,NaN,NaN,NaN
joint_lower_10pct,10,256,21,20340926,reduced_conditional,0.004479160423688062,0.0088565,2245408,650,22528,7168,256
joint_lower_10pct,10,256,22,20340927,current_indicator,0.01171875,0.003960417,3237088,4238,NaN,NaN,NaN
joint_lower_10pct,10,256,22,20340927,reduced_conditional,0.0044204117638975944,0.008810542,2245408,650,22528,7168,256
joint_lower_10pct,10,256,23,20340928,current_indicator,0.00390625,0.00396825,3237088,4238,NaN,NaN,NaN
joint_lower_10pct,10,256,23,20340928,reduced_conditional,0.004433447100273939,0.008814584,2245408,650,22528,7168,256
joint_lower_10pct,10,256,24,20340929,current_indicator,0.0,0.003958708,3237088,4238,NaN,NaN,NaN
joint_lower_10pct,10,256,24,20340929,reduced_conditional,0.004347902373069076,0.00881975,2245408,650,22528,7168,256
joint_lower_10pct,10,256,25,20340930,current_indicator,0.00390625,0.00393075,3237088,4238,NaN,NaN,NaN
joint_lower_10pct,10,256,25,20340930,reduced_conditional,0.004320277304571141,0.008825792,2245408,650,22528,7168,256
joint_lower_10pct,10,256,26,20340931,current_indicator,0.00390625,0.003965875,3237088,4238,NaN,NaN,NaN
joint_lower_10pct,10,256,26,20340931,reduced_conditional,0.004376787336486886,0.008826958,2245408,650,22528,7168,256
joint_lower_10pct,10,256,27,20340932,current_indicator,0.0,0.005571292,3237088,4238,NaN,NaN,NaN
joint_lower_10pct,10,256,27,20340932,reduced_conditional,0.004455041197049836,0.008910709,2245408,650,22528,7168,256
joint_lower_10pct,10,256,28,20340933,current_indicator,0.00390625,0.003945459,3237088,4238,NaN,NaN,NaN
joint_lower_10pct,10,256,28,20340933,reduced_conditional,0.004375109436831239,0.008847583,2245408,650,22528,7168,256
joint_lower_10pct,10,256,29,20340934,current_indicator,0.0,0.003956791,3237088,4238,NaN,NaN,NaN
joint_lower_10pct,10,256,29,20340934,reduced_conditional,0.0043739581810691664,0.008820583,2245408,650,22528,7168,256
joint_lower_10pct,10,256,30,20340935,current_indicator,0.01171875,0.003980208,3237088,4238,NaN,NaN,NaN
joint_lower_10pct,10,256,30,20340935,reduced_conditional,0.004456692363390516,0.008861542,2245408,650,22528,7168,256
joint_lower_10pct,10,1024,1,20360906,current_indicator,0.005859375,0.016302167,11489792,4300,NaN,NaN,NaN
joint_lower_10pct,10,1024,1,20360906,reduced_conditional,0.004395258338883847,0.035235833,8308544,700,90112,28672,1024
joint_lower_10pct,10,1024,2,20360907,current_indicator,0.0029296875,0.015019959,11489792,4300,NaN,NaN,NaN
joint_lower_10pct,10,1024,2,20360907,reduced_conditional,0.004403114069200991,0.036162,8308544,700,90112,28672,1024
joint_lower_10pct,10,1024,3,20360908,current_indicator,0.00390625,0.01507875,11489792,4300,NaN,NaN,NaN
joint_lower_10pct,10,1024,3,20360908,reduced_conditional,0.004435238312612853,0.036024708,8308544,700,90112,28672,1024
joint_lower_10pct,10,1024,4,20360909,current_indicator,0.005859375,0.015092041,11489792,4300,NaN,NaN,NaN
joint_lower_10pct,10,1024,4,20360909,reduced_conditional,0.0043900076028144325,0.0360135,8308544,700,90112,28672,1024
joint_lower_10pct,10,1024,5,20360910,current_indicator,0.00390625,0.015014875,11489792,4300,NaN,NaN,NaN
joint_lower_10pct,10,1024,5,20360910,reduced_conditional,0.004404914886059124,0.035976917,8308544,700,90112,28672,1024
joint_lower_10pct,10,1024,6,20360911,current_indicator,0.00390625,0.015065333,11489792,4300,NaN,NaN,NaN
joint_lower_10pct,10,1024,6,20360911,reduced_conditional,0.0044176344156023235,0.035972292,8308544,700,90112,28672,1024
joint_lower_10pct,10,1024,7,20360912,current_indicator,0.00390625,0.014990959,11489792,4300,NaN,NaN,NaN
joint_lower_10pct,10,1024,7,20360912,reduced_conditional,0.00441908012684037,0.035903167,8308544,700,90112,28672,1024
joint_lower_10pct,10,1024,8,20360913,current_indicator,0.0048828125,0.014953458,11489792,4300,NaN,NaN,NaN
joint_lower_10pct,10,1024,8,20360913,reduced_conditional,0.004416718485090782,0.03592775,8308544,700,90112,28672,1024
joint_lower_10pct,10,1024,9,20360914,current_indicator,0.00390625,0.015082541,11489792,4300,NaN,NaN,NaN
joint_lower_10pct,10,1024,9,20360914,reduced_conditional,0.004403438545677519,0.036008292,8308544,700,90112,28672,1024
joint_lower_10pct,10,1024,10,20360915,current_indicator,0.0029296875,0.014856875,11489792,4300,NaN,NaN,NaN
joint_lower_10pct,10,1024,10,20360915,reduced_conditional,0.0044109007341627884,0.03589275,8308544,700,90112,28672,1024
joint_lower_10pct,10,1024,11,20360916,current_indicator,0.0068359375,0.014938125,11489792,4300,NaN,NaN,NaN
joint_lower_10pct,10,1024,11,20360916,reduced_conditional,0.004366487047183452,0.035768,8308544,700,90112,28672,1024
joint_lower_10pct,10,1024,12,20360917,current_indicator,0.005859375,0.014943292,11489792,4300,NaN,NaN,NaN
joint_lower_10pct,10,1024,12,20360917,reduced_conditional,0.004398389896613924,0.03584225,8308544,700,90112,28672,1024
joint_lower_10pct,10,1024,13,20360918,current_indicator,0.0029296875,0.014959125,11489792,4300,NaN,NaN,NaN
joint_lower_10pct,10,1024,13,20360918,reduced_conditional,0.004425743587756191,0.035978083,8308544,700,90112,28672,1024
joint_lower_10pct,10,1024,14,20360919,current_indicator,0.0029296875,0.0159565,11489792,4300,NaN,NaN,NaN
joint_lower_10pct,10,1024,14,20360919,reduced_conditional,0.004397435245432176,0.035599,8308544,700,90112,28672,1024
joint_lower_10pct,10,1024,15,20360920,current_indicator,0.0078125,0.016359667,11489792,4300,NaN,NaN,NaN
joint_lower_10pct,10,1024,15,20360920,reduced_conditional,0.0043988780783621425,0.035173708,8308544,700,90112,28672,1024
joint_lower_10pct,10,1024,16,20360921,current_indicator,0.0029296875,0.015830792,11489792,4300,NaN,NaN,NaN
joint_lower_10pct,10,1024,16,20360921,reduced_conditional,0.004411344034537012,0.035110167,8308544,700,90112,28672,1024
joint_lower_10pct,10,1024,17,20360922,current_indicator,0.0048828125,0.015846708,11489792,4300,NaN,NaN,NaN
joint_lower_10pct,10,1024,17,20360922,reduced_conditional,0.004399333250003767,0.035088666,8308544,700,90112,28672,1024
joint_lower_10pct,10,1024,18,20360923,current_indicator,0.005859375,0.015689167,11489792,4300,NaN,NaN,NaN
joint_lower_10pct,10,1024,18,20360923,reduced_conditional,0.004406476731511347,0.035167542,8308544,700,90112,28672,1024
joint_lower_10pct,10,1024,19,20360924,current_indicator,0.0029296875,0.015752042,11489792,4300,NaN,NaN,NaN
joint_lower_10pct,10,1024,19,20360924,reduced_conditional,0.004394176437444371,0.035122458,8308544,700,90112,28672,1024
joint_lower_10pct,10,1024,20,20360925,current_indicator,0.001953125,0.015668166,11489792,4300,NaN,NaN,NaN
joint_lower_10pct,10,1024,20,20360925,reduced_conditional,0.004398751661091638,0.035100959,8308544,700,90112,28672,1024
joint_lower_10pct,10,1024,21,20360926,current_indicator,0.005859375,0.01570025,11489792,4300,NaN,NaN,NaN
joint_lower_10pct,10,1024,21,20360926,reduced_conditional,0.004388550511338816,0.035172875,8308544,700,90112,28672,1024
joint_lower_10pct,10,1024,22,20360927,current_indicator,0.00390625,0.015814958,11489792,4300,NaN,NaN,NaN
joint_lower_10pct,10,1024,22,20360927,reduced_conditional,0.004390224788895881,0.035054042,8308544,700,90112,28672,1024
joint_lower_10pct,10,1024,23,20360928,current_indicator,0.00390625,0.015916084,11489792,4300,NaN,NaN,NaN
joint_lower_10pct,10,1024,23,20360928,reduced_conditional,0.004397166304059263,0.035118334,8308544,700,90112,28672,1024
joint_lower_10pct,10,1024,24,20360929,current_indicator,0.0068359375,0.015840291,11489792,4300,NaN,NaN,NaN
joint_lower_10pct,10,1024,24,20360929,reduced_conditional,0.004415291919524407,0.039995583,8308544,700,90112,28672,1024
joint_lower_10pct,10,1024,25,20360930,current_indicator,0.0029296875,0.015703709,11489792,4300,NaN,NaN,NaN
joint_lower_10pct,10,1024,25,20360930,reduced_conditional,0.004412349465820007,0.035636584,8308544,700,90112,28672,1024
joint_lower_10pct,10,1024,26,20360931,current_indicator,0.001953125,0.015962416,11489792,4300,NaN,NaN,NaN
joint_lower_10pct,10,1024,26,20360931,reduced_conditional,0.004402037739220372,0.035229416,8308544,700,90112,28672,1024
joint_lower_10pct,10,1024,27,20360932,current_indicator,0.0048828125,0.015674,11489792,4300,NaN,NaN,NaN
joint_lower_10pct,10,1024,27,20360932,reduced_conditional,0.004386412194490508,0.035124833,8308544,700,90112,28672,1024
joint_lower_10pct,10,1024,28,20360933,current_indicator,0.0048828125,0.015836167,11489792,4300,NaN,NaN,NaN
joint_lower_10pct,10,1024,28,20360933,reduced_conditional,0.004416058416137757,0.03509475,8308544,700,90112,28672,1024
joint_lower_10pct,10,1024,29,20360934,current_indicator,0.00390625,0.015745125,11489792,4300,NaN,NaN,NaN
joint_lower_10pct,10,1024,29,20360934,reduced_conditional,0.004391523735147758,0.035085167,8308544,700,90112,28672,1024
joint_lower_10pct,10,1024,30,20360935,current_indicator,0.0048828125,0.015690583,11489792,4300,NaN,NaN,NaN
joint_lower_10pct,10,1024,30,20360935,reduced_conditional,0.004402241079732691,0.035150375,8308544,700,90112,28672,1024
joint_lower_10pct,10,4096,1,20380906,current_indicator,0.00439453125,0.062108542,44857088,4360,NaN,NaN,NaN
joint_lower_10pct,10,4096,1,20380906,reduced_conditional,0.00441113013679212,0.14311425,32820032,748,360448,114688,4096
joint_lower_10pct,10,4096,2,20380907,current_indicator,0.00341796875,0.062073458,44857088,4360,NaN,NaN,NaN
joint_lower_10pct,10,4096,2,20380907,reduced_conditional,0.004406684375683899,0.143689333,32820032,748,360448,114688,4096
joint_lower_10pct,10,4096,3,20380908,current_indicator,0.004150390625,0.061587292,44857088,4360,NaN,NaN,NaN
joint_lower_10pct,10,4096,3,20380908,reduced_conditional,0.004402168461378112,0.143261,32820032,748,360448,114688,4096
joint_lower_10pct,10,4096,4,20380909,current_indicator,0.004150390625,0.061773916,44857088,4360,NaN,NaN,NaN
joint_lower_10pct,10,4096,4,20380909,reduced_conditional,0.004411635276954669,0.143053208,32820032,748,360448,114688,4096
joint_lower_10pct,10,4096,5,20380910,current_indicator,0.00439453125,0.061389541,44857088,4360,NaN,NaN,NaN
joint_lower_10pct,10,4096,5,20380910,reduced_conditional,0.004408198771019166,0.143469416,32820032,748,360448,114688,4096
joint_lower_10pct,10,4096,6,20380911,current_indicator,0.006103515625,0.06171975,44857088,4360,NaN,NaN,NaN
joint_lower_10pct,10,4096,6,20380911,reduced_conditional,0.004413909307833757,0.14319475,32820032,748,360448,114688,4096
joint_lower_10pct,10,4096,7,20380912,current_indicator,0.004150390625,0.061712084,44857088,4360,NaN,NaN,NaN
joint_lower_10pct,10,4096,7,20380912,reduced_conditional,0.004414079621330423,0.175360042,32820032,748,360448,114688,4096
joint_lower_10pct,10,4096,8,20380913,current_indicator,0.004150390625,0.2329275,44857088,4360,NaN,NaN,NaN
joint_lower_10pct,10,4096,8,20380913,reduced_conditional,0.004403152321179618,0.144142666,32820032,748,360448,114688,4096
joint_lower_10pct,10,4096,9,20380914,current_indicator,0.005615234375,0.064290167,44857088,4360,NaN,NaN,NaN
joint_lower_10pct,10,4096,9,20380914,reduced_conditional,0.004402522055173024,0.144521458,32820032,748,360448,114688,4096
joint_lower_10pct,10,4096,10,20380915,current_indicator,0.00390625,0.064690667,44857088,4360,NaN,NaN,NaN
joint_lower_10pct,10,4096,10,20380915,reduced_conditional,0.004407707034607508,0.142568583,32820032,748,360448,114688,4096
joint_lower_10pct,10,4096,11,20380916,current_indicator,0.005126953125,0.060681417,44857088,4360,NaN,NaN,NaN
joint_lower_10pct,10,4096,11,20380916,reduced_conditional,0.004414430764514808,0.142265084,32820032,748,360448,114688,4096
joint_lower_10pct,10,4096,12,20380917,current_indicator,0.003173828125,0.062540833,44857088,4360,NaN,NaN,NaN
joint_lower_10pct,10,4096,12,20380917,reduced_conditional,0.004407143382541526,0.142236583,32820032,748,360448,114688,4096
joint_lower_10pct,10,4096,13,20380918,current_indicator,0.0048828125,0.061606208,44857088,4360,NaN,NaN,NaN
joint_lower_10pct,10,4096,13,20380918,reduced_conditional,0.004407835104714272,0.142080333,32820032,748,360448,114688,4096
joint_lower_10pct,10,4096,14,20380919,current_indicator,0.00390625,0.062229875,44857088,4360,NaN,NaN,NaN
joint_lower_10pct,10,4096,14,20380919,reduced_conditional,0.004407856743298049,0.148729625,32820032,748,360448,114688,4096
joint_lower_10pct,10,4096,15,20380920,current_indicator,0.00390625,0.061001375,44857088,4360,NaN,NaN,NaN
joint_lower_10pct,10,4096,15,20380920,reduced_conditional,0.004398644763692517,0.143375333,32820032,748,360448,114688,4096
joint_lower_10pct,10,4096,16,20380921,current_indicator,0.004638671875,0.062131625,44857088,4360,NaN,NaN,NaN
joint_lower_10pct,10,4096,16,20380921,reduced_conditional,0.004407262105567168,0.14330075,32820032,748,360448,114688,4096
joint_lower_10pct,10,4096,17,20380922,current_indicator,0.004638671875,0.061897875,44857088,4360,NaN,NaN,NaN
joint_lower_10pct,10,4096,17,20380922,reduced_conditional,0.004409374274705556,0.143518,32820032,748,360448,114688,4096
joint_lower_10pct,10,4096,18,20380923,current_indicator,0.0048828125,0.06176575,44857088,4360,NaN,NaN,NaN
joint_lower_10pct,10,4096,18,20380923,reduced_conditional,0.004406064220606313,0.143070208,32820032,748,360448,114688,4096
joint_lower_10pct,10,4096,19,20380924,current_indicator,0.00390625,0.061604166,44857088,4360,NaN,NaN,NaN
joint_lower_10pct,10,4096,19,20380924,reduced_conditional,0.004404299616165118,0.143021542,32820032,748,360448,114688,4096
joint_lower_10pct,10,4096,20,20380925,current_indicator,0.00341796875,0.061645709,44857088,4360,NaN,NaN,NaN
joint_lower_10pct,10,4096,20,20380925,reduced_conditional,0.004404921476918598,0.14303925,32820032,748,360448,114688,4096
joint_lower_10pct,10,4096,21,20380926,current_indicator,0.0048828125,0.062219542,44857088,4360,NaN,NaN,NaN
joint_lower_10pct,10,4096,21,20380926,reduced_conditional,0.004407027768708405,0.143596542,32820032,748,360448,114688,4096
joint_lower_10pct,10,4096,22,20380927,current_indicator,0.00439453125,0.26955125,44857088,4360,NaN,NaN,NaN
joint_lower_10pct,10,4096,22,20380927,reduced_conditional,0.004400834207720033,0.142071208,32820032,748,360448,114688,4096
joint_lower_10pct,10,4096,23,20380928,current_indicator,0.0029296875,0.0610545,44857088,4360,NaN,NaN,NaN
joint_lower_10pct,10,4096,23,20380928,reduced_conditional,0.004404253736291733,0.142227917,32820032,748,360448,114688,4096
joint_lower_10pct,10,4096,24,20380929,current_indicator,0.0048828125,0.061119042,44857088,4360,NaN,NaN,NaN
joint_lower_10pct,10,4096,24,20380929,reduced_conditional,0.00440693730779786,0.143549625,32820032,748,360448,114688,4096
joint_lower_10pct,10,4096,25,20380930,current_indicator,0.004150390625,0.060919875,44857088,4360,NaN,NaN,NaN
joint_lower_10pct,10,4096,25,20380930,reduced_conditional,0.004408012840998689,0.142198708,32820032,748,360448,114688,4096
joint_lower_10pct,10,4096,26,20380931,current_indicator,0.003662109375,0.060997,44857088,4360,NaN,NaN,NaN
joint_lower_10pct,10,4096,26,20380931,reduced_conditional,0.004398750541734304,0.143286458,32820032,748,360448,114688,4096
joint_lower_10pct,10,4096,27,20380932,current_indicator,0.005126953125,0.060762,44857088,4360,NaN,NaN,NaN
joint_lower_10pct,10,4096,27,20380932,reduced_conditional,0.004408585001263134,0.143106291,32820032,748,360448,114688,4096
joint_lower_10pct,10,4096,28,20380933,current_indicator,0.004150390625,0.060968833,44857088,4360,NaN,NaN,NaN
joint_lower_10pct,10,4096,28,20380933,reduced_conditional,0.004407814856168405,0.145639125,32820032,748,360448,114688,4096
joint_lower_10pct,10,4096,29,20380934,current_indicator,0.005126953125,0.060088625,44857088,4360,NaN,NaN,NaN
joint_lower_10pct,10,4096,29,20380934,reduced_conditional,0.004412577295841977,0.1422985,32820032,748,360448,114688,4096
joint_lower_10pct,10,4096,30,20380935,current_indicator,0.003173828125,0.06271225,44857088,4360,NaN,NaN,NaN
joint_lower_10pct,10,4096,30,20380935,reduced_conditional,0.004412596588967086,0.143576917,32820032,748,360448,114688,4096
central_25_75_rectangle,10,256,1,20340906,current_indicator,0.01953125,0.004141083,3237088,4238,NaN,NaN,NaN
central_25_75_rectangle,10,256,1,20340906,reduced_conditional,0.022388400509457736,0.012249,2245408,650,33792,7168,1024
central_25_75_rectangle,10,256,2,20340907,current_indicator,0.04296875,0.004018875,3237088,4238,NaN,NaN,NaN
central_25_75_rectangle,10,256,2,20340907,reduced_conditional,0.022419666930318768,0.011212375,2245408,650,33792,7168,1024
central_25_75_rectangle,10,256,3,20340908,current_indicator,0.02734375,0.0039815,3237088,4238,NaN,NaN,NaN
central_25_75_rectangle,10,256,3,20340908,reduced_conditional,0.022451028327247467,0.011183625,2245408,650,33792,7168,1024
central_25_75_rectangle,10,256,4,20340909,current_indicator,0.03125,0.004021875,3237088,4238,NaN,NaN,NaN
central_25_75_rectangle,10,256,4,20340909,reduced_conditional,0.02242624075320742,0.011433792,2245408,650,33792,7168,1024
central_25_75_rectangle,10,256,5,20340910,current_indicator,0.0078125,0.004168583,3237088,4238,NaN,NaN,NaN
central_25_75_rectangle,10,256,5,20340910,reduced_conditional,0.0224272532576863,0.012137542,2245408,650,33792,7168,1024
central_25_75_rectangle,10,256,6,20340911,current_indicator,0.0234375,0.004025792,3237088,4238,NaN,NaN,NaN
central_25_75_rectangle,10,256,6,20340911,reduced_conditional,0.022382067740249128,0.011157625,2245408,650,33792,7168,1024
central_25_75_rectangle,10,256,7,20340912,current_indicator,0.015625,0.003955542,3237088,4238,NaN,NaN,NaN
central_25_75_rectangle,10,256,7,20340912,reduced_conditional,0.02242003311984234,0.01117225,2245408,650,33792,7168,1024
central_25_75_rectangle,10,256,8,20340913,current_indicator,0.0234375,0.003933667,3237088,4238,NaN,NaN,NaN
central_25_75_rectangle,10,256,8,20340913,reduced_conditional,0.022408997574359338,0.011163542,2245408,650,33792,7168,1024
central_25_75_rectangle,10,256,9,20340914,current_indicator,0.046875,0.003934875,3237088,4238,NaN,NaN,NaN
central_25_75_rectangle,10,256,9,20340914,reduced_conditional,0.02247497605503934,0.011930625,2245408,650,33792,7168,1024
central_25_75_rectangle,10,256,10,20340915,current_indicator,0.0078125,0.003935125,3237088,4238,NaN,NaN,NaN
central_25_75_rectangle,10,256,10,20340915,reduced_conditional,0.022465855452996245,0.0111285,2245408,650,33792,7168,1024
central_25_75_rectangle,10,256,11,20340916,current_indicator,0.02734375,0.003915416,3237088,4238,NaN,NaN,NaN
central_25_75_rectangle,10,256,11,20340916,reduced_conditional,0.02238878355223965,0.011129,2245408,650,33792,7168,1024
central_25_75_rectangle,10,256,12,20340917,current_indicator,0.03515625,0.003919959,3237088,4238,NaN,NaN,NaN
central_25_75_rectangle,10,256,12,20340917,reduced_conditional,0.022454469874554402,0.011118167,2245408,650,33792,7168,1024
central_25_75_rectangle,10,256,13,20340918,current_indicator,0.01171875,0.004709167,3237088,4238,NaN,NaN,NaN
central_25_75_rectangle,10,256,13,20340918,reduced_conditional,0.02238089187340646,0.011163792,2245408,650,33792,7168,1024
central_25_75_rectangle,10,256,14,20340919,current_indicator,0.02734375,0.0039835,3237088,4238,NaN,NaN,NaN
central_25_75_rectangle,10,256,14,20340919,reduced_conditional,0.02236750096691327,0.011153041,2245408,650,33792,7168,1024
central_25_75_rectangle,10,256,15,20340920,current_indicator,0.01953125,0.003971542,3237088,4238,NaN,NaN,NaN
central_25_75_rectangle,10,256,15,20340920,reduced_conditional,0.022400861270707742,0.011159166,2245408,650,33792,7168,1024
central_25_75_rectangle,10,256,16,20340921,current_indicator,0.02734375,0.004000584,3237088,4238,NaN,NaN,NaN
central_25_75_rectangle,10,256,16,20340921,reduced_conditional,0.022436075740881127,0.012023542,2245408,650,33792,7168,1024
central_25_75_rectangle,10,256,17,20340922,current_indicator,0.0234375,0.003953209,3237088,4238,NaN,NaN,NaN
central_25_75_rectangle,10,256,17,20340922,reduced_conditional,0.02238636228934985,0.011146542,2245408,650,33792,7168,1024
central_25_75_rectangle,10,256,18,20340923,current_indicator,0.01171875,0.003923792,3237088,4238,NaN,NaN,NaN
central_25_75_rectangle,10,256,18,20340923,reduced_conditional,0.022394605228301293,0.011191709,2245408,650,33792,7168,1024
central_25_75_rectangle,10,256,19,20340924,current_indicator,0.015625,0.003938417,3237088,4238,NaN,NaN,NaN
central_25_75_rectangle,10,256,19,20340924,reduced_conditional,0.02238643527397845,0.011156917,2245408,650,33792,7168,1024
central_25_75_rectangle,10,256,20,20340925,current_indicator,0.05078125,0.00489375,3237088,4238,NaN,NaN,NaN
central_25_75_rectangle,10,256,20,20340925,reduced_conditional,0.022435955715322732,0.011173459,2245408,650,33792,7168,1024
central_25_75_rectangle,10,256,21,20340926,current_indicator,0.0234375,0.003944875,3237088,4238,NaN,NaN,NaN
central_25_75_rectangle,10,256,21,20340926,reduced_conditional,0.022428539916615597,0.011116959,2245408,650,33792,7168,1024
central_25_75_rectangle,10,256,22,20340927,current_indicator,0.015625,0.003970542,3237088,4238,NaN,NaN,NaN
central_25_75_rectangle,10,256,22,20340927,reduced_conditional,0.022411874971292288,0.01112025,2245408,650,33792,7168,1024
central_25_75_rectangle,10,256,23,20340928,current_indicator,0.03515625,0.003965084,3237088,4238,NaN,NaN,NaN
central_25_75_rectangle,10,256,23,20340928,reduced_conditional,0.022434829065766243,0.012081834,2245408,650,33792,7168,1024
central_25_75_rectangle,10,256,24,20340929,current_indicator,0.015625,0.004006083,3237088,4238,NaN,NaN,NaN
central_25_75_rectangle,10,256,24,20340929,reduced_conditional,0.022418980918721715,0.011158833,2245408,650,33792,7168,1024
central_25_75_rectangle,10,256,25,20340930,current_indicator,0.02734375,0.003971208,3237088,4238,NaN,NaN,NaN
central_25_75_rectangle,10,256,25,20340930,reduced_conditional,0.022478122523802394,0.011135875,2245408,650,33792,7168,1024
central_25_75_rectangle,10,256,26,20340931,current_indicator,0.01953125,0.003940834,3237088,4238,NaN,NaN,NaN
central_25_75_rectangle,10,256,26,20340931,reduced_conditional,0.02243142586127587,0.011194959,2245408,650,33792,7168,1024
central_25_75_rectangle,10,256,27,20340932,current_indicator,0.03125,0.004814958,3237088,4238,NaN,NaN,NaN
central_25_75_rectangle,10,256,27,20340932,reduced_conditional,0.02239541615527526,0.0111385,2245408,650,33792,7168,1024
central_25_75_rectangle,10,256,28,20340933,current_indicator,0.01953125,0.003945833,3237088,4238,NaN,NaN,NaN
central_25_75_rectangle,10,256,28,20340933,reduced_conditional,0.02241942303447248,0.01116175,2245408,650,33792,7168,1024
central_25_75_rectangle,10,256,29,20340934,current_indicator,0.0234375,0.003960375,3237088,4238,NaN,NaN,NaN
central_25_75_rectangle,10,256,29,20340934,reduced_conditional,0.022371300175979627,0.01116875,2245408,650,33792,7168,1024
central_25_75_rectangle,10,256,30,20340935,current_indicator,0.01953125,0.003939958,3237088,4238,NaN,NaN,NaN
central_25_75_rectangle,10,256,30,20340935,reduced_conditional,0.022488914942399973,0.011134875,2245408,650,33792,7168,1024
central_25_75_rectangle,10,1024,1,20360906,current_indicator,0.021484375,0.016111792,11489792,4300,NaN,NaN,NaN
central_25_75_rectangle,10,1024,1,20360906,reduced_conditional,0.02241988581786588,0.045271833,8308544,700,135168,28672,4096
central_25_75_rectangle,10,1024,2,20360907,current_indicator,0.0205078125,0.015131125,11489792,4300,NaN,NaN,NaN
central_25_75_rectangle,10,1024,2,20360907,reduced_conditional,0.022407878865908424,0.045306708,8308544,700,135168,28672,4096
central_25_75_rectangle,10,1024,3,20360908,current_indicator,0.017578125,0.015067041,11489792,4300,NaN,NaN,NaN
central_25_75_rectangle,10,1024,3,20360908,reduced_conditional,0.02240613141685774,0.045303083,8308544,700,135168,28672,4096
central_25_75_rectangle,10,1024,4,20360909,current_indicator,0.0244140625,0.014931417,11489792,4300,NaN,NaN,NaN
central_25_75_rectangle,10,1024,4,20360909,reduced_conditional,0.022414942222787924,0.045349542,8308544,700,135168,28672,4096
central_25_75_rectangle,10,1024,5,20360910,current_indicator,0.0283203125,0.015050291,11489792,4300,NaN,NaN,NaN
central_25_75_rectangle,10,1024,5,20360910,reduced_conditional,0.022408295482874912,0.045290333,8308544,700,135168,28672,4096
central_25_75_rectangle,10,1024,6,20360911,current_indicator,0.01953125,0.015020791,11489792,4300,NaN,NaN,NaN
central_25_75_rectangle,10,1024,6,20360911,reduced_conditional,0.02242283776622772,0.045186833,8308544,700,135168,28672,4096
central_25_75_rectangle,10,1024,7,20360912,current_indicator,0.021484375,0.015111333,11489792,4300,NaN,NaN,NaN
central_25_75_rectangle,10,1024,7,20360912,reduced_conditional,0.022403930534303267,0.045210666,8308544,700,135168,28672,4096
central_25_75_rectangle,10,1024,8,20360913,current_indicator,0.025390625,0.015009417,11489792,4300,NaN,NaN,NaN
central_25_75_rectangle,10,1024,8,20360913,reduced_conditional,0.022410100852149662,0.045152042,8308544,700,135168,28672,4096
central_25_75_rectangle,10,1024,9,20360914,current_indicator,0.0244140625,0.014955292,11489792,4300,NaN,NaN,NaN
central_25_75_rectangle,10,1024,9,20360914,reduced_conditional,0.0224186655929955,0.045334583,8308544,700,135168,28672,4096
central_25_75_rectangle,10,1024,10,20360915,current_indicator,0.021484375,0.014876709,11489792,4300,NaN,NaN,NaN
central_25_75_rectangle,10,1024,10,20360915,reduced_conditional,0.022408430777821873,0.045303958,8308544,700,135168,28672,4096
central_25_75_rectangle,10,1024,11,20360916,current_indicator,0.0234375,0.014964166,11489792,4300,NaN,NaN,NaN
central_25_75_rectangle,10,1024,11,20360916,reduced_conditional,0.022401767901403958,0.045240667,8308544,700,135168,28672,4096
central_25_75_rectangle,10,1024,12,20360917,current_indicator,0.0224609375,0.014989458,11489792,4300,NaN,NaN,NaN
central_25_75_rectangle,10,1024,12,20360917,reduced_conditional,0.022417052590029855,0.045070542,8308544,700,135168,28672,4096
central_25_75_rectangle,10,1024,13,20360918,current_indicator,0.021484375,0.015872667,11489792,4300,NaN,NaN,NaN
central_25_75_rectangle,10,1024,13,20360918,reduced_conditional,0.022419420698663442,0.044471458,8308544,700,135168,28672,4096
central_25_75_rectangle,10,1024,14,20360919,current_indicator,0.0244140625,0.01572275,11489792,4300,NaN,NaN,NaN
central_25_75_rectangle,10,1024,14,20360919,reduced_conditional,0.022421983766163934,0.044417583,8308544,700,135168,28672,4096
central_25_75_rectangle,10,1024,15,20360920,current_indicator,0.025390625,0.015974166,11489792,4300,NaN,NaN,NaN
central_25_75_rectangle,10,1024,15,20360920,reduced_conditional,0.02241775750371502,0.044474542,8308544,700,135168,28672,4096
central_25_75_rectangle,10,1024,16,20360921,current_indicator,0.01171875,0.015685959,11489792,4300,NaN,NaN,NaN
central_25_75_rectangle,10,1024,16,20360921,reduced_conditional,0.022419287996877174,0.044513459,8308544,700,135168,28672,4096
central_25_75_rectangle,10,1024,17,20360922,current_indicator,0.0302734375,0.015661792,11489792,4300,NaN,NaN,NaN
central_25_75_rectangle,10,1024,17,20360922,reduced_conditional,0.022420235601081168,0.04440425,8308544,700,135168,28672,4096
central_25_75_rectangle,10,1024,18,20360923,current_indicator,0.0205078125,0.015589292,11489792,4300,NaN,NaN,NaN
central_25_75_rectangle,10,1024,18,20360923,reduced_conditional,0.022403057234176363,0.044403458,8308544,700,135168,28672,4096
central_25_75_rectangle,10,1024,19,20360924,current_indicator,0.0361328125,0.015717916,11489792,4300,NaN,NaN,NaN
central_25_75_rectangle,10,1024,19,20360924,reduced_conditional,0.022419819432371015,0.044376459,8308544,700,135168,28672,4096
central_25_75_rectangle,10,1024,20,20360925,current_indicator,0.015625,0.016050083,11489792,4300,NaN,NaN,NaN
central_25_75_rectangle,10,1024,20,20360925,reduced_conditional,0.022415265722652816,0.044430833,8308544,700,135168,28672,4096
central_25_75_rectangle,10,1024,21,20360926,current_indicator,0.01953125,0.016053459,11489792,4300,NaN,NaN,NaN
central_25_75_rectangle,10,1024,21,20360926,reduced_conditional,0.02241271517816012,0.04517625,8308544,700,135168,28672,4096
central_25_75_rectangle,10,1024,22,20360927,current_indicator,0.02734375,0.016549292,11489792,4300,NaN,NaN,NaN
central_25_75_rectangle,10,1024,22,20360927,reduced_conditional,0.022410685677275076,0.044712417,8308544,700,135168,28672,4096
central_25_75_rectangle,10,1024,23,20360928,current_indicator,0.0263671875,0.016128625,11489792,4300,NaN,NaN,NaN
central_25_75_rectangle,10,1024,23,20360928,reduced_conditional,0.022409215931374106,0.04459925,8308544,700,135168,28672,4096
central_25_75_rectangle,10,1024,24,20360929,current_indicator,0.025390625,0.015950459,11489792,4300,NaN,NaN,NaN
central_25_75_rectangle,10,1024,24,20360929,reduced_conditional,0.022420286919379452,0.044595,8308544,700,135168,28672,4096
central_25_75_rectangle,10,1024,25,20360930,current_indicator,0.015625,0.015681792,11489792,4300,NaN,NaN,NaN
central_25_75_rectangle,10,1024,25,20360930,reduced_conditional,0.022406758984752872,0.044543958,8308544,700,135168,28672,4096
central_25_75_rectangle,10,1024,26,20360931,current_indicator,0.01953125,0.01558025,11489792,4300,NaN,NaN,NaN
central_25_75_rectangle,10,1024,26,20360931,reduced_conditional,0.02241179112422995,0.044432959,8308544,700,135168,28672,4096
central_25_75_rectangle,10,1024,27,20360932,current_indicator,0.0205078125,0.015663084,11489792,4300,NaN,NaN,NaN
central_25_75_rectangle,10,1024,27,20360932,reduced_conditional,0.02241417286157198,0.044712334,8308544,700,135168,28672,4096
central_25_75_rectangle,10,1024,28,20360933,current_indicator,0.0244140625,0.015947167,11489792,4300,NaN,NaN,NaN
central_25_75_rectangle,10,1024,28,20360933,reduced_conditional,0.022403180823186413,0.0455665,8308544,700,135168,28672,4096
central_25_75_rectangle,10,1024,29,20360934,current_indicator,0.015625,0.01515225,11489792,4300,NaN,NaN,NaN
central_25_75_rectangle,10,1024,29,20360934,reduced_conditional,0.022422909113243936,0.045601167,8308544,700,135168,28672,4096
central_25_75_rectangle,10,1024,30,20360935,current_indicator,0.02734375,0.015102667,11489792,4300,NaN,NaN,NaN
central_25_75_rectangle,10,1024,30,20360935,reduced_conditional,0.022404486770528875,0.045084417,8308544,700,135168,28672,4096
central_25_75_rectangle,10,4096,1,20380906,current_indicator,0.02490234375,0.061898875,44857088,4360,NaN,NaN,NaN
central_25_75_rectangle,10,4096,1,20380906,reduced_conditional,0.02241228964448484,0.181965042,32820032,748,540672,114688,16384
central_25_75_rectangle,10,4096,2,20380907,current_indicator,0.02099609375,0.063052042,44857088,4360,NaN,NaN,NaN
central_25_75_rectangle,10,4096,2,20380907,reduced_conditional,0.022415123007891703,0.182339792,32820032,748,540672,114688,16384
central_25_75_rectangle,10,4096,3,20380908,current_indicator,0.020751953125,0.062718666,44857088,4360,NaN,NaN,NaN
central_25_75_rectangle,10,4096,3,20380908,reduced_conditional,0.02241608447847591,0.186852458,32820032,748,540672,114688,16384
central_25_75_rectangle,10,4096,4,20380909,current_indicator,0.02099609375,0.060914542,44857088,4360,NaN,NaN,NaN
central_25_75_rectangle,10,4096,4,20380909,reduced_conditional,0.022418875779517056,0.180582541,32820032,748,540672,114688,16384
central_25_75_rectangle,10,4096,5,20380910,current_indicator,0.01953125,0.061654709,44857088,4360,NaN,NaN,NaN
central_25_75_rectangle,10,4096,5,20380910,reduced_conditional,0.02241408334497837,0.383515625,32820032,748,540672,114688,16384
central_25_75_rectangle,10,4096,6,20380911,current_indicator,0.020263671875,0.0604275,44857088,4360,NaN,NaN,NaN
central_25_75_rectangle,10,4096,6,20380911,reduced_conditional,0.022414914688243043,0.179251958,32820032,748,540672,114688,16384
central_25_75_rectangle,10,4096,7,20380912,current_indicator,0.02001953125,0.060858667,44857088,4360,NaN,NaN,NaN
central_25_75_rectangle,10,4096,7,20380912,reduced_conditional,0.022414987875360396,0.179178042,32820032,748,540672,114688,16384
central_25_75_rectangle,10,4096,8,20380913,current_indicator,0.023193359375,0.062604958,44857088,4360,NaN,NaN,NaN
central_25_75_rectangle,10,4096,8,20380913,reduced_conditional,0.022416069929542943,0.179580666,32820032,748,540672,114688,16384
central_25_75_rectangle,10,4096,9,20380914,current_indicator,0.0244140625,0.061025542,44857088,4360,NaN,NaN,NaN
central_25_75_rectangle,10,4096,9,20380914,reduced_conditional,0.02241693392771769,0.179305625,32820032,748,540672,114688,16384
central_25_75_rectangle,10,4096,10,20380915,current_indicator,0.02099609375,0.061627458,44857088,4360,NaN,NaN,NaN
central_25_75_rectangle,10,4096,10,20380915,reduced_conditional,0.022414553873252585,0.179264583,32820032,748,540672,114688,16384
central_25_75_rectangle,10,4096,11,20380916,current_indicator,0.021484375,0.06214175,44857088,4360,NaN,NaN,NaN
central_25_75_rectangle,10,4096,11,20380916,reduced_conditional,0.022412008511350136,0.179072084,32820032,748,540672,114688,16384
central_25_75_rectangle,10,4096,12,20380917,current_indicator,0.0205078125,0.061648083,44857088,4360,NaN,NaN,NaN
central_25_75_rectangle,10,4096,12,20380917,reduced_conditional,0.02241279441210878,0.180485875,32820032,748,540672,114688,16384
central_25_75_rectangle,10,4096,13,20380918,current_indicator,0.0205078125,0.061913208,44857088,4360,NaN,NaN,NaN
central_25_75_rectangle,10,4096,13,20380918,reduced_conditional,0.0224142845478098,0.1792245,32820032,748,540672,114688,16384
central_25_75_rectangle,10,4096,14,20380919,current_indicator,0.0224609375,0.062490166,44857088,4360,NaN,NaN,NaN
central_25_75_rectangle,10,4096,14,20380919,reduced_conditional,0.022416418477872412,0.182806417,32820032,748,540672,114688,16384
central_25_75_rectangle,10,4096,15,20380920,current_indicator,0.022705078125,0.062240834,44857088,4360,NaN,NaN,NaN
central_25_75_rectangle,10,4096,15,20380920,reduced_conditional,0.022416102476565183,0.18019,32820032,748,540672,114688,16384
central_25_75_rectangle,10,4096,16,20380921,current_indicator,0.0244140625,0.068625,44857088,4360,NaN,NaN,NaN
central_25_75_rectangle,10,4096,16,20380921,reduced_conditional,0.022416357524836863,0.180503709,32820032,748,540672,114688,16384
central_25_75_rectangle,10,4096,17,20380922,current_indicator,0.019287109375,0.061968291,44857088,4360,NaN,NaN,NaN
central_25_75_rectangle,10,4096,17,20380922,reduced_conditional,0.022414127451053183,0.180788625,32820032,748,540672,114688,16384
central_25_75_rectangle,10,4096,18,20380923,current_indicator,0.02294921875,0.061695334,44857088,4360,NaN,NaN,NaN
central_25_75_rectangle,10,4096,18,20380923,reduced_conditional,0.022414665845502384,0.180842375,32820032,748,540672,114688,16384
central_25_75_rectangle,10,4096,19,20380924,current_indicator,0.0244140625,0.061768166,44857088,4360,NaN,NaN,NaN
central_25_75_rectangle,10,4096,19,20380924,reduced_conditional,0.022414876712360702,0.1804505,32820032,748,540672,114688,16384
central_25_75_rectangle,10,4096,20,20380925,current_indicator,0.02197265625,0.062318458,44857088,4360,NaN,NaN,NaN
central_25_75_rectangle,10,4096,20,20380925,reduced_conditional,0.022417683442281847,0.213977958,32820032,748,540672,114688,16384
central_25_75_rectangle,10,4096,21,20380926,current_indicator,0.0244140625,0.232203625,44857088,4360,NaN,NaN,NaN
central_25_75_rectangle,10,4096,21,20380926,reduced_conditional,0.022416044007364692,0.179302958,32820032,748,540672,114688,16384
central_25_75_rectangle,10,4096,22,20380927,current_indicator,0.02294921875,0.060362791,44857088,4360,NaN,NaN,NaN
central_25_75_rectangle,10,4096,22,20380927,reduced_conditional,0.022413791550572344,0.179406791,32820032,748,540672,114688,16384
central_25_75_rectangle,10,4096,23,20380928,current_indicator,0.02294921875,0.060564,44857088,4360,NaN,NaN,NaN
central_25_75_rectangle,10,4096,23,20380928,reduced_conditional,0.02241645615247195,0.180854417,32820032,748,540672,114688,16384
central_25_75_rectangle,10,4096,24,20380929,current_indicator,0.021728515625,0.060582667,44857088,4360,NaN,NaN,NaN
central_25_75_rectangle,10,4096,24,20380929,reduced_conditional,0.022416437584354368,0.179203583,32820032,748,540672,114688,16384
central_25_75_rectangle,10,4096,25,20380930,current_indicator,0.025634765625,0.061909458,44857088,4360,NaN,NaN,NaN
central_25_75_rectangle,10,4096,25,20380930,reduced_conditional,0.022414155756644353,0.179339416,32820032,748,540672,114688,16384
central_25_75_rectangle,10,4096,26,20380931,current_indicator,0.02099609375,0.060667334,44857088,4360,NaN,NaN,NaN
central_25_75_rectangle,10,4096,26,20380931,reduced_conditional,0.022415777961039707,0.180580542,32820032,748,540672,114688,16384
central_25_75_rectangle,10,4096,27,20380932,current_indicator,0.02197265625,0.062003208,44857088,4360,NaN,NaN,NaN
central_25_75_rectangle,10,4096,27,20380932,reduced_conditional,0.02241365558868262,0.179240459,32820032,748,540672,114688,16384
central_25_75_rectangle,10,4096,28,20380933,current_indicator,0.0244140625,0.062566625,44857088,4360,NaN,NaN,NaN
central_25_75_rectangle,10,4096,28,20380933,reduced_conditional,0.02241453985090229,0.179857333,32820032,748,540672,114688,16384
central_25_75_rectangle,10,4096,29,20380934,current_indicator,0.02099609375,0.061726333,44857088,4360,NaN,NaN,NaN
central_25_75_rectangle,10,4096,29,20380934,reduced_conditional,0.02241465212438686,0.181174042,32820032,748,540672,114688,16384
central_25_75_rectangle,10,4096,30,20380935,current_indicator,0.022705078125,0.0623975,44857088,4360,NaN,NaN,NaN
central_25_75_rectangle,10,4096,30,20380935,reduced_conditional,0.022414694417814233,0.185144584,32820032,748,540672,114688,16384
