case_id,design,model,point,d,conditioning_dimension,power,N,rep,seed,method,execution_rank,estimate,reference,reference_uncertainty,reference_target_met,abs_error,runtime_s,bytes,allocations,hfunc_calls,hinv_calls,pair_cdf_calls
mixed_d5,mixed,D,asymmetric,5,3,8,256,1,271828,current_indicator,1,0.125,0.12452997658972591,2.490295954888263e-11,true,0.00047002341027409245,0.005681542,1995552,26098,NaN,NaN,NaN
mixed_d5,mixed,D,asymmetric,5,3,8,256,1,271828,reduced_conditional,2,0.12453670229695418,0.12452997658972591,2.490295954888263e-11,true,6.725707228275035e-6,0.0033085,862848,767,3840,768,256
mixed_d5,mixed,D,asymmetric,5,3,8,256,2,271829,reduced_conditional,1,0.12447936482486892,0.12452997658972591,2.490295954888263e-11,true,5.061176485698926e-5,0.003184834,862848,767,3840,768,256
mixed_d5,mixed,D,asymmetric,5,3,8,256,2,271829,current_indicator,2,0.1171875,0.12452997658972591,2.490295954888263e-11,true,0.0073424765897259076,0.005542,1995552,26098,NaN,NaN,NaN
mixed_d5,mixed,D,asymmetric,5,3,8,256,3,271830,current_indicator,1,0.125,0.12452997658972591,2.490295954888263e-11,true,0.00047002341027409245,0.005489416,1995552,26098,NaN,NaN,NaN
mixed_d5,mixed,D,asymmetric,5,3,8,256,3,271830,reduced_conditional,2,0.12449888335880618,0.12452997658972591,2.490295954888263e-11,true,3.109323091972371e-5,0.003179458,862848,767,3840,768,256
mixed_d5,mixed,D,asymmetric,5,3,8,256,4,271831,reduced_conditional,1,0.124437894826626,0.12452997658972591,2.490295954888263e-11,true,9.208176309991045e-5,0.003167333,862848,767,3840,768,256
mixed_d5,mixed,D,asymmetric,5,3,8,256,4,271831,current_indicator,2,0.125,0.12452997658972591,2.490295954888263e-11,true,0.00047002341027409245,0.005480875,1995552,26098,NaN,NaN,NaN
mixed_d5,mixed,D,asymmetric,5,3,8,256,5,271832,current_indicator,1,0.12890625,0.12452997658972591,2.490295954888263e-11,true,0.0043762734102740924,0.005505625,1995552,26098,NaN,NaN,NaN
mixed_d5,mixed,D,asymmetric,5,3,8,256,5,271832,reduced_conditional,2,0.12456852578900607,0.12452997658972591,2.490295954888263e-11,true,3.854919928016065e-5,0.003198708,862848,767,3840,768,256
mixed_d5,mixed,D,asymmetric,5,3,8,256,6,271833,reduced_conditional,1,0.12449425291338719,0.12452997658972591,2.490295954888263e-11,true,3.572367633872253e-5,0.003231375,862848,767,3840,768,256
mixed_d5,mixed,D,asymmetric,5,3,8,256,6,271833,current_indicator,2,0.12109375,0.12452997658972591,2.490295954888263e-11,true,0.0034362265897259076,0.005560291,1995552,26098,NaN,NaN,NaN
mixed_d5,mixed,D,asymmetric,5,3,8,256,7,271834,current_indicator,1,0.1171875,0.12452997658972591,2.490295954888263e-11,true,0.0073424765897259076,0.0055345,1995552,26098,NaN,NaN,NaN
mixed_d5,mixed,D,asymmetric,5,3,8,256,7,271834,reduced_conditional,2,0.12452051281282103,0.12452997658972591,2.490295954888263e-11,true,9.463776904874988e-6,0.003187875,862848,767,3840,768,256
mixed_d5,mixed,D,asymmetric,5,3,8,256,8,271835,reduced_conditional,1,0.12450031546002778,0.12452997658972591,2.490295954888263e-11,true,2.966112969812751e-5,0.003191291,862848,767,3840,768,256
mixed_d5,mixed,D,asymmetric,5,3,8,256,8,271835,current_indicator,2,0.1171875,0.12452997658972591,2.490295954888263e-11,true,0.0073424765897259076,0.00549075,1995552,26098,NaN,NaN,NaN
mixed_d5,mixed,D,asymmetric,5,3,8,256,9,271836,current_indicator,1,0.1328125,0.12452997658972591,2.490295954888263e-11,true,0.008282523410274092,0.005560667,1995552,26098,NaN,NaN,NaN
mixed_d5,mixed,D,asymmetric,5,3,8,256,9,271836,reduced_conditional,2,0.12448273726337895,0.12452997658972591,2.490295954888263e-11,true,4.7239326346953936e-5,0.003281834,862848,767,3840,768,256
mixed_d5,mixed,D,asymmetric,5,3,8,256,10,271837,reduced_conditional,1,0.12462597933814805,0.12452997658972591,2.490295954888263e-11,true,9.600274842214152e-5,0.003248958,862848,767,3840,768,256
mixed_d5,mixed,D,asymmetric,5,3,8,256,10,271837,current_indicator,2,0.12890625,0.12452997658972591,2.490295954888263e-11,true,0.0043762734102740924,0.005569791,1995552,26098,NaN,NaN,NaN
mixed_d5,mixed,D,asymmetric,5,3,8,256,11,271838,current_indicator,1,0.125,0.12452997658972591,2.490295954888263e-11,true,0.00047002341027409245,0.00564325,1995552,26098,NaN,NaN,NaN
mixed_d5,mixed,D,asymmetric,5,3,8,256,11,271838,reduced_conditional,2,0.12454479916338858,0.12452997658972591,2.490295954888263e-11,true,1.482257366267059e-5,0.003405417,862848,767,3840,768,256
mixed_d5,mixed,D,asymmetric,5,3,8,256,12,271839,reduced_conditional,1,0.1244781900791219,0.12452997658972591,2.490295954888263e-11,true,5.1786510604001634e-5,0.003303042,862848,767,3840,768,256
mixed_d5,mixed,D,asymmetric,5,3,8,256,12,271839,current_indicator,2,0.125,0.12452997658972591,2.490295954888263e-11,true,0.00047002341027409245,0.005631833,1995552,26098,NaN,NaN,NaN
mixed_d5,mixed,D,asymmetric,5,3,8,256,13,271840,current_indicator,1,0.125,0.12452997658972591,2.490295954888263e-11,true,0.00047002341027409245,0.005575833,1995552,26098,NaN,NaN,NaN
mixed_d5,mixed,D,asymmetric,5,3,8,256,13,271840,reduced_conditional,2,0.12458021778565656,0.12452997658972591,2.490295954888263e-11,true,5.0241195930653126e-5,0.003296125,862848,767,3840,768,256
mixed_d5,mixed,D,asymmetric,5,3,8,256,14,271841,reduced_conditional,1,0.12450283810356183,0.12452997658972591,2.490295954888263e-11,true,2.7138486164077213e-5,0.00329325,862848,767,3840,768,256
mixed_d5,mixed,D,asymmetric,5,3,8,256,14,271841,current_indicator,2,0.12109375,0.12452997658972591,2.490295954888263e-11,true,0.0034362265897259076,0.005697334,1995552,26098,NaN,NaN,NaN
mixed_d5,mixed,D,asymmetric,5,3,8,256,15,271842,current_indicator,1,0.13671875,0.12452997658972591,2.490295954888263e-11,true,0.012188773410274092,0.0056405,1995552,26098,NaN,NaN,NaN
mixed_d5,mixed,D,asymmetric,5,3,8,256,15,271842,reduced_conditional,2,0.12443353617164218,0.12452997658972591,2.490295954888263e-11,true,9.644041808372361e-5,0.003335541,862848,767,3840,768,256
mixed_d5,mixed,D,asymmetric,5,3,8,256,16,271843,reduced_conditional,1,0.12459605206621922,0.12452997658972591,2.490295954888263e-11,true,6.60754764933158e-5,0.003240291,862848,767,3840,768,256
mixed_d5,mixed,D,asymmetric,5,3,8,256,16,271843,current_indicator,2,0.125,0.12452997658972591,2.490295954888263e-11,true,0.00047002341027409245,0.005573667,1995552,26098,NaN,NaN,NaN
mixed_d5,mixed,D,asymmetric,5,3,8,256,17,271844,current_indicator,1,0.1328125,0.12452997658972591,2.490295954888263e-11,true,0.008282523410274092,0.005540625,1995552,26098,NaN,NaN,NaN
mixed_d5,mixed,D,asymmetric,5,3,8,256,17,271844,reduced_conditional,2,0.12462201122888567,0.12452997658972591,2.490295954888263e-11,true,9.203463915975763e-5,0.003277084,862848,767,3840,768,256
mixed_d5,mixed,D,asymmetric,5,3,8,256,18,271845,reduced_conditional,1,0.12454158570724533,0.12452997658972591,2.490295954888263e-11,true,1.1609117519420509e-5,0.00324725,862848,767,3840,768,256
mixed_d5,mixed,D,asymmetric,5,3,8,256,18,271845,current_indicator,2,0.1171875,0.12452997658972591,2.490295954888263e-11,true,0.0073424765897259076,0.005555458,1995552,26098,NaN,NaN,NaN
mixed_d5,mixed,D,asymmetric,5,3,8,256,19,271846,current_indicator,1,0.12890625,0.12452997658972591,2.490295954888263e-11,true,0.0043762734102740924,0.005692541,1995552,26098,NaN,NaN,NaN
mixed_d5,mixed,D,asymmetric,5,3,8,256,19,271846,reduced_conditional,2,0.12466244676971253,0.12452997658972591,2.490295954888263e-11,true,0.00013247017998661847,0.003238292,862848,767,3840,768,256
mixed_d5,mixed,D,asymmetric,5,3,8,256,20,271847,reduced_conditional,1,0.12444196405874491,0.12452997658972591,2.490295954888263e-11,true,8.801253098099371e-5,0.003221791,862848,767,3840,768,256
mixed_d5,mixed,D,asymmetric,5,3,8,256,20,271847,current_indicator,2,0.12109375,0.12452997658972591,2.490295954888263e-11,true,0.0034362265897259076,0.0056755,1995552,26098,NaN,NaN,NaN
mixed_d5,mixed,D,asymmetric,5,3,8,256,21,271848,current_indicator,1,0.12890625,0.12452997658972591,2.490295954888263e-11,true,0.0043762734102740924,0.005690875,1995552,26098,NaN,NaN,NaN
mixed_d5,mixed,D,asymmetric,5,3,8,256,21,271848,reduced_conditional,2,0.1245440863654881,0.12452997658972591,2.490295954888263e-11,true,1.4109775762188859e-5,0.003230208,862848,767,3840,768,256
mixed_d5,mixed,D,asymmetric,5,3,8,256,22,271849,reduced_conditional,1,0.12469100801965664,0.12452997658972591,2.490295954888263e-11,true,0.00016103142993073583,0.003218,862848,767,3840,768,256
mixed_d5,mixed,D,asymmetric,5,3,8,256,22,271849,current_indicator,2,0.1328125,0.12452997658972591,2.490295954888263e-11,true,0.008282523410274092,0.005647375,1995552,26098,NaN,NaN,NaN
mixed_d5,mixed,D,asymmetric,5,3,8,256,23,271850,current_indicator,1,0.12890625,0.12452997658972591,2.490295954888263e-11,true,0.0043762734102740924,0.005687416,1995552,26098,NaN,NaN,NaN
mixed_d5,mixed,D,asymmetric,5,3,8,256,23,271850,reduced_conditional,2,0.12443117814718038,0.12452997658972591,2.490295954888263e-11,true,9.879844254552517e-5,0.003243375,862848,767,3840,768,256
mixed_d5,mixed,D,asymmetric,5,3,8,256,24,271851,reduced_conditional,1,0.12441181070551854,0.12452997658972591,2.490295954888263e-11,true,0.00011816588420736351,0.003223708,862848,767,3840,768,256
mixed_d5,mixed,D,asymmetric,5,3,8,256,24,271851,current_indicator,2,0.12109375,0.12452997658972591,2.490295954888263e-11,true,0.0034362265897259076,0.005699042,1995552,26098,NaN,NaN,NaN
mixed_d5,mixed,D,asymmetric,5,3,8,256,25,271852,current_indicator,1,0.12890625,0.12452997658972591,2.490295954888263e-11,true,0.0043762734102740924,0.0056895,1995552,26098,NaN,NaN,NaN
mixed_d5,mixed,D,asymmetric,5,3,8,256,25,271852,reduced_conditional,2,0.12452387280653333,0.12452997658972591,2.490295954888263e-11,true,6.103783192573653e-6,0.003222166,862848,767,3840,768,256
mixed_d5,mixed,D,asymmetric,5,3,8,256,26,271853,reduced_conditional,1,0.12458041415247204,0.12452997658972591,2.490295954888263e-11,true,5.043756274612787e-5,0.003258208,862848,767,3840,768,256
mixed_d5,mixed,D,asymmetric,5,3,8,256,26,271853,current_indicator,2,0.12109375,0.12452997658972591,2.490295954888263e-11,true,0.0034362265897259076,0.005671917,1995552,26098,NaN,NaN,NaN
mixed_d5,mixed,D,asymmetric,5,3,8,256,27,271854,current_indicator,1,0.12890625,0.12452997658972591,2.490295954888263e-11,true,0.0043762734102740924,0.005598584,1995552,26098,NaN,NaN,NaN
mixed_d5,mixed,D,asymmetric,5,3,8,256,27,271854,reduced_conditional,2,0.12456112731216035,0.12452997658972591,2.490295954888263e-11,true,3.115072243443928e-5,0.003269625,862848,767,3840,768,256
mixed_d5,mixed,D,asymmetric,5,3,8,256,28,271855,reduced_conditional,1,0.12449972619531455,0.12452997658972591,2.490295954888263e-11,true,3.0250394411360237e-5,0.003229541,862848,767,3840,768,256
mixed_d5,mixed,D,asymmetric,5,3,8,256,28,271855,current_indicator,2,0.125,0.12452997658972591,2.490295954888263e-11,true,0.00047002341027409245,0.005665,1995552,26098,NaN,NaN,NaN
mixed_d5,mixed,D,asymmetric,5,3,8,256,29,271856,current_indicator,1,0.125,0.12452997658972591,2.490295954888263e-11,true,0.00047002341027409245,0.005682583,1995552,26098,NaN,NaN,NaN
mixed_d5,mixed,D,asymmetric,5,3,8,256,29,271856,reduced_conditional,2,0.12464230333481255,0.12452997658972591,2.490295954888263e-11,true,0.00011232674508664109,0.003249417,862848,767,3840,768,256
mixed_d5,mixed,D,asymmetric,5,3,8,256,30,271857,reduced_conditional,1,0.12452892123224245,0.12452997658972591,2.490295954888263e-11,true,1.0553574834593071e-6,0.003268,862848,767,3840,768,256
mixed_d5,mixed,D,asymmetric,5,3,8,256,30,271857,current_indicator,2,0.125,0.12452997658972591,2.490295954888263e-11,true,0.00047002341027409245,0.00567875,1995552,26098,NaN,NaN,NaN
mixed_d5,mixed,D,asymmetric,5,3,10,1024,1,271828,current_indicator,1,0.125,0.12452997658972591,2.490295954888263e-11,true,0.00047002341027409245,0.0217745,7613888,102930,NaN,NaN,NaN
mixed_d5,mixed,D,asymmetric,5,3,10,1024,1,271828,reduced_conditional,2,0.12451913047764257,0.12452997658972591,2.490295954888263e-11,true,1.0846112083337522e-5,0.012676292,3197984,2323,15360,3072,1024
mixed_d5,mixed,D,asymmetric,5,3,10,1024,2,271829,reduced_conditional,1,0.12452604997519966,0.12452997658972591,2.490295954888263e-11,true,3.926614526250649e-6,0.0126045,3197984,2323,15360,3072,1024
mixed_d5,mixed,D,asymmetric,5,3,10,1024,2,271829,current_indicator,2,0.123046875,0.12452997658972591,2.490295954888263e-11,true,0.0014831015897259076,0.021635458,7613888,102930,NaN,NaN,NaN
mixed_d5,mixed,D,asymmetric,5,3,10,1024,3,271830,current_indicator,1,0.126953125,0.12452997658972591,2.490295954888263e-11,true,0.0024231484102740924,0.021864375,7613888,102930,NaN,NaN,NaN
mixed_d5,mixed,D,asymmetric,5,3,10,1024,3,271830,reduced_conditional,2,0.12451334439002033,0.12452997658972591,2.490295954888263e-11,true,1.6632199705574058e-5,0.012718334,3197984,2323,15360,3072,1024
mixed_d5,mixed,D,asymmetric,5,3,10,1024,4,271831,reduced_conditional,1,0.12452025134858571,0.12452997658972591,2.490295954888263e-11,true,9.725241140193241e-6,0.012777833,3197984,2323,15360,3072,1024
mixed_d5,mixed,D,asymmetric,5,3,10,1024,4,271831,current_indicator,2,0.12890625,0.12452997658972591,2.490295954888263e-11,true,0.0043762734102740924,0.022093708,7613888,102930,NaN,NaN,NaN
mixed_d5,mixed,D,asymmetric,5,3,10,1024,5,271832,current_indicator,1,0.126953125,0.12452997658972591,2.490295954888263e-11,true,0.0024231484102740924,0.021894375,7613888,102930,NaN,NaN,NaN
mixed_d5,mixed,D,asymmetric,5,3,10,1024,5,271832,reduced_conditional,2,0.12451465125675414,0.12452997658972591,2.490295954888263e-11,true,1.5325332971771743e-5,0.012756416,3197984,2323,15360,3072,1024
mixed_d5,mixed,D,asymmetric,5,3,10,1024,6,271833,reduced_conditional,1,0.12452509002000506,0.12452997658972591,2.490295954888263e-11,true,4.886569720849443e-6,0.012756333,3197984,2323,15360,3072,1024
mixed_d5,mixed,D,asymmetric,5,3,10,1024,6,271833,current_indicator,2,0.1240234375,0.12452997658972591,2.490295954888263e-11,true,0.0005065390897259076,0.022022417,7613888,102930,NaN,NaN,NaN
mixed_d5,mixed,D,asymmetric,5,3,10,1024,7,271834,current_indicator,1,0.1279296875,0.12452997658972591,2.490295954888263e-11,true,0.0033997109102740924,0.022168125,7613888,102930,NaN,NaN,NaN
mixed_d5,mixed,D,asymmetric,5,3,10,1024,7,271834,reduced_conditional,2,0.12453052441312934,0.12452997658972591,2.490295954888263e-11,true,5.478234034322904e-7,0.012936042,3197984,2323,15360,3072,1024
mixed_d5,mixed,D,asymmetric,5,3,10,1024,8,271835,reduced_conditional,1,0.1245240013405807,0.12452997658972591,2.490295954888263e-11,true,5.975249145209749e-6,0.012890042,3197984,2323,15360,3072,1024
mixed_d5,mixed,D,asymmetric,5,3,10,1024,8,271835,current_indicator,2,0.12109375,0.12452997658972591,2.490295954888263e-11,true,0.0034362265897259076,0.022376917,7613888,102930,NaN,NaN,NaN
mixed_d5,mixed,D,asymmetric,5,3,10,1024,9,271836,current_indicator,1,0.123046875,0.12452997658972591,2.490295954888263e-11,true,0.0014831015897259076,0.02266225,7613888,102930,NaN,NaN,NaN
mixed_d5,mixed,D,asymmetric,5,3,10,1024,9,271836,reduced_conditional,2,0.12452213983137139,0.12452997658972591,2.490295954888263e-11,true,7.83675835451525e-6,0.012935333,3197984,2323,15360,3072,1024
mixed_d5,mixed,D,asymmetric,5,3,10,1024,10,271837,reduced_conditional,1,0.12453120045816808,0.12452997658972591,2.490295954888263e-11,true,1.2238684421739254e-6,0.012910833,3197984,2323,15360,3072,1024
mixed_d5,mixed,D,asymmetric,5,3,10,1024,10,271837,current_indicator,2,0.125,0.12452997658972591,2.490295954888263e-11,true,0.00047002341027409245,0.025119208,7613888,102930,NaN,NaN,NaN
mixed_d5,mixed,D,asymmetric,5,3,10,1024,11,271838,current_indicator,1,0.1259765625,0.12452997658972591,2.490295954888263e-11,true,0.0014465859102740924,0.021656,7613888,102930,NaN,NaN,NaN
mixed_d5,mixed,D,asymmetric,5,3,10,1024,11,271838,reduced_conditional,2,0.12450255025168094,0.12452997658972591,2.490295954888263e-11,true,2.7426338044964083e-5,0.012652084,3197984,2323,15360,3072,1024
mixed_d5,mixed,D,asymmetric,5,3,10,1024,12,271839,reduced_conditional,1,0.12451460885800686,0.12452997658972591,2.490295954888263e-11,true,1.5367731719048705e-5,0.012613125,3197984,2323,15360,3072,1024
mixed_d5,mixed,D,asymmetric,5,3,10,1024,12,271839,current_indicator,2,0.1240234375,0.12452997658972591,2.490295954888263e-11,true,0.0005065390897259076,0.021772375,7613888,102930,NaN,NaN,NaN
mixed_d5,mixed,D,asymmetric,5,3,10,1024,13,271840,current_indicator,1,0.1279296875,0.12452997658972591,2.490295954888263e-11,true,0.0033997109102740924,0.021638167,7613888,102930,NaN,NaN,NaN
mixed_d5,mixed,D,asymmetric,5,3,10,1024,13,271840,reduced_conditional,2,0.1245298343313959,0.12452997658972591,2.490295954888263e-11,true,1.4225833000480748e-7,0.012656459,3197984,2323,15360,3072,1024
mixed_d5,mixed,D,asymmetric,5,3,10,1024,14,271841,reduced_conditional,1,0.12452686245754792,0.12452997658972591,2.490295954888263e-11,true,3.1141321779892817e-6,0.012644667,3197984,2323,15360,3072,1024
mixed_d5,mixed,D,asymmetric,5,3,10,1024,14,271841,current_indicator,2,0.1279296875,0.12452997658972591,2.490295954888263e-11,true,0.0033997109102740924,0.021574792,7613888,102930,NaN,NaN,NaN
mixed_d5,mixed,D,asymmetric,5,3,10,1024,15,271842,current_indicator,1,0.1240234375,0.12452997658972591,2.490295954888263e-11,true,0.0005065390897259076,0.02163825,7613888,102930,NaN,NaN,NaN
mixed_d5,mixed,D,asymmetric,5,3,10,1024,15,271842,reduced_conditional,2,0.12451860249071835,0.12452997658972591,2.490295954888263e-11,true,1.137409900756059e-5,0.012643,3197984,2323,15360,3072,1024
mixed_d5,mixed,D,asymmetric,5,3,10,1024,16,271843,reduced_conditional,1,0.124516253064438,0.12452997658972591,2.490295954888263e-11,true,1.372352528790366e-5,0.012644583,3197984,2323,15360,3072,1024
mixed_d5,mixed,D,asymmetric,5,3,10,1024,16,271843,current_indicator,2,0.1279296875,0.12452997658972591,2.490295954888263e-11,true,0.0033997109102740924,0.025469709,7613888,102930,NaN,NaN,NaN
mixed_d5,mixed,D,asymmetric,5,3,10,1024,17,271844,current_indicator,1,0.12109375,0.12452997658972591,2.490295954888263e-11,true,0.0034362265897259076,0.021834,7613888,102930,NaN,NaN,NaN
mixed_d5,mixed,D,asymmetric,5,3,10,1024,17,271844,reduced_conditional,2,0.1245322011575931,0.12452997658972591,2.490295954888263e-11,true,2.224567867192828e-6,0.012964166,3197984,2323,15360,3072,1024
mixed_d5,mixed,D,asymmetric,5,3,10,1024,18,271845,reduced_conditional,1,0.12452593443210462,0.12452997658972591,2.490295954888263e-11,true,4.0421576212867905e-6,0.012937042,3197984,2323,15360,3072,1024
mixed_d5,mixed,D,asymmetric,5,3,10,1024,18,271845,current_indicator,2,0.1240234375,0.12452997658972591,2.490295954888263e-11,true,0.0005065390897259076,0.025273292,7613888,102930,NaN,NaN,NaN
mixed_d5,mixed,D,asymmetric,5,3,10,1024,19,271846,current_indicator,1,0.123046875,0.12452997658972591,2.490295954888263e-11,true,0.0014831015897259076,0.021597916,7613888,102930,NaN,NaN,NaN
mixed_d5,mixed,D,asymmetric,5,3,10,1024,19,271846,reduced_conditional,2,0.12451899406029843,0.12452997658972591,2.490295954888263e-11,true,1.098252942748068e-5,0.012931708,3197984,2323,15360,3072,1024
mixed_d5,mixed,D,asymmetric,5,3,10,1024,20,271847,reduced_conditional,1,0.124519189265842,0.12452997658972591,2.490295954888263e-11,true,1.0787323883904021e-5,0.01260275,3197984,2323,15360,3072,1024
mixed_d5,mixed,D,asymmetric,5,3,10,1024,20,271847,current_indicator,2,0.1240234375,0.12452997658972591,2.490295954888263e-11,true,0.0005065390897259076,0.021736541,7613888,102930,NaN,NaN,NaN
mixed_d5,mixed,D,asymmetric,5,3,10,1024,21,271848,current_indicator,1,0.125,0.12452997658972591,2.490295954888263e-11,true,0.00047002341027409245,0.021793083,7613888,102930,NaN,NaN,NaN
mixed_d5,mixed,D,asymmetric,5,3,10,1024,21,271848,reduced_conditional,2,0.12454947010357675,0.12452997658972591,2.490295954888263e-11,true,1.949351385084619e-5,0.012861084,3197984,2323,15360,3072,1024
mixed_d5,mixed,D,asymmetric,5,3,10,1024,22,271849,reduced_conditional,1,0.1245124720238158,0.12452997658972591,2.490295954888263e-11,true,1.7504565910111958e-5,0.01280525,3197984,2323,15360,3072,1024
mixed_d5,mixed,D,asymmetric,5,3,10,1024,22,271849,current_indicator,2,0.125,0.12452997658972591,2.490295954888263e-11,true,0.00047002341027409245,0.021753417,7613888,102930,NaN,NaN,NaN
mixed_d5,mixed,D,asymmetric,5,3,10,1024,23,271850,current_indicator,1,0.123046875,0.12452997658972591,2.490295954888263e-11,true,0.0014831015897259076,0.021831583,7613888,102930,NaN,NaN,NaN
mixed_d5,mixed,D,asymmetric,5,3,10,1024,23,271850,reduced_conditional,2,0.12452200025407231,0.12452997658972591,2.490295954888263e-11,true,7.976335653595013e-6,0.012844041,3197984,2323,15360,3072,1024
mixed_d5,mixed,D,asymmetric,5,3,10,1024,24,271851,reduced_conditional,1,0.12453878497389677,0.12452997658972591,2.490295954888263e-11,true,8.808384170860828e-6,0.015079042,3197984,2323,15360,3072,1024
mixed_d5,mixed,D,asymmetric,5,3,10,1024,24,271851,current_indicator,2,0.1220703125,0.12452997658972591,2.490295954888263e-11,true,0.0024596640897259076,0.021525167,7613888,102930,NaN,NaN,NaN
mixed_d5,mixed,D,asymmetric,5,3,10,1024,25,271852,current_indicator,1,0.1279296875,0.12452997658972591,2.490295954888263e-11,true,0.0033997109102740924,0.021562375,7613888,102930,NaN,NaN,NaN
mixed_d5,mixed,D,asymmetric,5,3,10,1024,25,271852,reduced_conditional,2,0.12453287824941471,0.12452997658972591,2.490295954888263e-11,true,2.901659688803182e-6,0.012705583,3197984,2323,15360,3072,1024
mixed_d5,mixed,D,asymmetric,5,3,10,1024,26,271853,reduced_conditional,1,0.1245378282552859,0.12452997658972591,2.490295954888263e-11,true,7.851665559999166e-6,0.0128985,3197984,2323,15360,3072,1024
mixed_d5,mixed,D,asymmetric,5,3,10,1024,26,271853,current_indicator,2,0.12890625,0.12452997658972591,2.490295954888263e-11,true,0.0043762734102740924,0.021625375,7613888,102930,NaN,NaN,NaN
mixed_d5,mixed,D,asymmetric,5,3,10,1024,27,271854,current_indicator,1,0.125,0.12452997658972591,2.490295954888263e-11,true,0.00047002341027409245,0.021584708,7613888,102930,NaN,NaN,NaN
mixed_d5,mixed,D,asymmetric,5,3,10,1024,27,271854,reduced_conditional,2,0.12452379664248885,0.12452997658972591,2.490295954888263e-11,true,6.1799472370616115e-6,0.012636417,3197984,2323,15360,3072,1024
mixed_d5,mixed,D,asymmetric,5,3,10,1024,28,271855,reduced_conditional,1,0.12451531122454507,0.12452997658972591,2.490295954888263e-11,true,1.4665365180840939e-5,0.012614,3197984,2323,15360,3072,1024
mixed_d5,mixed,D,asymmetric,5,3,10,1024,28,271855,current_indicator,2,0.12109375,0.12452997658972591,2.490295954888263e-11,true,0.0034362265897259076,0.024054208,7613888,102930,NaN,NaN,NaN
mixed_d5,mixed,D,asymmetric,5,3,10,1024,29,271856,current_indicator,1,0.1240234375,0.12452997658972591,2.490295954888263e-11,true,0.0005065390897259076,0.02163525,7613888,102930,NaN,NaN,NaN
mixed_d5,mixed,D,asymmetric,5,3,10,1024,29,271856,reduced_conditional,2,0.1245392567784034,0.12452997658972591,2.490295954888263e-11,true,9.280188677490697e-6,0.012601334,3197984,2323,15360,3072,1024
mixed_d5,mixed,D,asymmetric,5,3,10,1024,30,271857,reduced_conditional,1,0.12453714246546906,0.12452997658972591,2.490295954888263e-11,true,7.165875743148087e-6,0.012613792,3197984,2323,15360,3072,1024
mixed_d5,mixed,D,asymmetric,5,3,10,1024,30,271857,current_indicator,2,0.1201171875,0.12452997658972591,2.490295954888263e-11,true,0.0044127890897259076,0.021607,7613888,102930,NaN,NaN,NaN
mixed_d5,mixed,D,asymmetric,5,3,12,4096,1,271828,current_indicator,1,0.123779296875,0.12452997658972591,2.490295954888263e-11,true,0.0007506797147259076,0.087765667,29921344,410160,NaN,NaN,NaN
mixed_d5,mixed,D,asymmetric,5,3,12,4096,1,271828,reduced_conditional,2,0.12452750744451745,0.12452997658972591,2.490295954888263e-11,true,2.4691452084613097e-6,0.051150458,12635552,8485,61440,12288,4096
mixed_d5,mixed,D,asymmetric,5,3,12,4096,2,271829,reduced_conditional,1,0.1245282361217499,0.12452997658972591,2.490295954888263e-11,true,1.7404679760052444e-6,0.050826375,12635552,8485,61440,12288,4096
mixed_d5,mixed,D,asymmetric,5,3,12,4096,2,271829,current_indicator,2,0.12548828125,0.12452997658972591,2.490295954888263e-11,true,0.0009583046602740924,0.087513709,29921344,410160,NaN,NaN,NaN
mixed_d5,mixed,D,asymmetric,5,3,12,4096,3,271830,current_indicator,1,0.123779296875,0.12452997658972591,2.490295954888263e-11,true,0.0007506797147259076,0.096604833,29921344,410160,NaN,NaN,NaN
mixed_d5,mixed,D,asymmetric,5,3,12,4096,3,271830,reduced_conditional,2,0.12452750970944085,0.12452997658972591,2.490295954888263e-11,true,2.4668802850597027e-6,0.051343125,12635552,8485,61440,12288,4096
mixed_d5,mixed,D,asymmetric,5,3,12,4096,4,271831,reduced_conditional,1,0.12453021686007922,0.12452997658972591,2.490295954888263e-11,true,2.402703533077588e-7,0.050977334,12635552,8485,61440,12288,4096
mixed_d5,mixed,D,asymmetric,5,3,12,4096,4,271831,current_indicator,2,0.124755859375,0.12452997658972591,2.490295954888263e-11,true,0.00022588278527409245,0.088125458,29921344,410160,NaN,NaN,NaN
mixed_d5,mixed,D,asymmetric,5,3,12,4096,5,271832,current_indicator,1,0.123779296875,0.12452997658972591,2.490295954888263e-11,true,0.0007506797147259076,0.088035083,29921344,410160,NaN,NaN,NaN
mixed_d5,mixed,D,asymmetric,5,3,12,4096,5,271832,reduced_conditional,2,0.12453591690940222,0.12452997658972591,2.490295954888263e-11,true,5.940319676309147e-6,0.057971042,12635552,8485,61440,12288,4096
mixed_d5,mixed,D,asymmetric,5,3,12,4096,6,271833,reduced_conditional,1,0.1245290973126715,0.12452997658972591,2.490295954888263e-11,true,8.792770544024942e-7,0.05134525,12635552,8485,61440,12288,4096
mixed_d5,mixed,D,asymmetric,5,3,12,4096,6,271833,current_indicator,2,0.12451171875,0.12452997658972591,2.490295954888263e-11,true,1.8257839725907554e-5,0.087400417,29921344,410160,NaN,NaN,NaN
mixed_d5,mixed,D,asymmetric,5,3,12,4096,7,271834,current_indicator,1,0.1240234375,0.12452997658972591,2.490295954888263e-11,true,0.0005065390897259076,0.089994959,29921344,410160,NaN,NaN,NaN
mixed_d5,mixed,D,asymmetric,5,3,12,4096,7,271834,reduced_conditional,2,0.12453072478022487,0.12452997658972591,2.490295954888263e-11,true,7.481904989586896e-7,0.051145791,12635552,8485,61440,12288,4096
mixed_d5,mixed,D,asymmetric,5,3,12,4096,8,271835,reduced_conditional,1,0.12453195469864989,0.12452997658972591,2.490295954888263e-11,true,1.978108923980648e-6,0.051142875,12635552,8485,61440,12288,4096
mixed_d5,mixed,D,asymmetric,5,3,12,4096,8,271835,current_indicator,2,0.125732421875,0.12452997658972591,2.490295954888263e-11,true,0.0012024452852740924,0.089498667,29921344,410160,NaN,NaN,NaN
mixed_d5,mixed,D,asymmetric,5,3,12,4096,9,271836,current_indicator,1,0.12548828125,0.12452997658972591,2.490295954888263e-11,true,0.0009583046602740924,0.089551625,29921344,410160,NaN,NaN,NaN
mixed_d5,mixed,D,asymmetric,5,3,12,4096,9,271836,reduced_conditional,2,0.12453273710857951,0.12452997658972591,2.490295954888263e-11,true,2.7605188536033998e-6,0.051086375,12635552,8485,61440,12288,4096
mixed_d5,mixed,D,asymmetric,5,3,12,4096,10,271837,reduced_conditional,1,0.12453151187327263,0.12452997658972591,2.490295954888263e-11,true,1.5352835467247195e-6,0.053372,12635552,8485,61440,12288,4096
mixed_d5,mixed,D,asymmetric,5,3,12,4096,10,271837,current_indicator,2,0.125,0.12452997658972591,2.490295954888263e-11,true,0.00047002341027409245,0.092529125,29921344,410160,NaN,NaN,NaN
mixed_d5,mixed,D,asymmetric,5,3,12,4096,11,271838,current_indicator,1,0.12451171875,0.12452997658972591,2.490295954888263e-11,true,1.8257839725907554e-5,0.090177375,29921344,410160,NaN,NaN,NaN
mixed_d5,mixed,D,asymmetric,5,3,12,4096,11,271838,reduced_conditional,2,0.12452571866102405,0.12452997658972591,2.490295954888263e-11,true,4.257928701859037e-6,0.053185208,12635552,8485,61440,12288,4096
mixed_d5,mixed,D,asymmetric,5,3,12,4096,12,271839,reduced_conditional,1,0.12452803602448721,0.12452997658972591,2.490295954888263e-11,true,1.9405652386950134e-6,0.052407375,12635552,8485,61440,12288,4096
mixed_d5,mixed,D,asymmetric,5,3,12,4096,12,271839,current_indicator,2,0.125,0.12452997658972591,2.490295954888263e-11,true,0.00047002341027409245,0.08968875,29921344,410160,NaN,NaN,NaN
mixed_d5,mixed,D,asymmetric,5,3,12,4096,13,271840,current_indicator,1,0.1240234375,0.12452997658972591,2.490295954888263e-11,true,0.0005065390897259076,0.088143459,29921344,410160,NaN,NaN,NaN
mixed_d5,mixed,D,asymmetric,5,3,12,4096,13,271840,reduced_conditional,2,0.12453054439315346,0.12452997658972591,2.490295954888263e-11,true,5.678034275535815e-7,0.052840958,12635552,8485,61440,12288,4096
mixed_d5,mixed,D,asymmetric,5,3,12,4096,14,271841,reduced_conditional,1,0.1245302371900572,0.12452997658972591,2.490295954888263e-11,true,2.60600331286609e-7,0.051493625,12635552,8485,61440,12288,4096
mixed_d5,mixed,D,asymmetric,5,3,12,4096,14,271841,current_indicator,2,0.125732421875,0.12452997658972591,2.490295954888263e-11,true,0.0012024452852740924,0.089261792,29921344,410160,NaN,NaN,NaN
mixed_d5,mixed,D,asymmetric,5,3,12,4096,15,271842,current_indicator,1,0.123291015625,0.12452997658972591,2.490295954888263e-11,true,0.0012389609647259076,0.280067041,29921344,410160,NaN,NaN,NaN
mixed_d5,mixed,D,asymmetric,5,3,12,4096,15,271842,reduced_conditional,2,0.12452880918307954,0.12452997658972591,2.490295954888263e-11,true,1.1674066463657207e-6,0.050969542,12635552,8485,61440,12288,4096
mixed_d5,mixed,D,asymmetric,5,3,12,4096,16,271843,reduced_conditional,1,0.12452830533514479,0.12452997658972591,2.490295954888263e-11,true,1.6712545811148338e-6,0.05333175,12635552,8485,61440,12288,4096
mixed_d5,mixed,D,asymmetric,5,3,12,4096,16,271843,current_indicator,2,0.1240234375,0.12452997658972591,2.490295954888263e-11,true,0.0005065390897259076,0.089448459,29921344,410160,NaN,NaN,NaN
mixed_d5,mixed,D,asymmetric,5,3,12,4096,17,271844,current_indicator,1,0.124755859375,0.12452997658972591,2.490295954888263e-11,true,0.00022588278527409245,0.089595333,29921344,410160,NaN,NaN,NaN
mixed_d5,mixed,D,asymmetric,5,3,12,4096,17,271844,reduced_conditional,2,0.12453149004136971,0.12452997658972591,2.490295954888263e-11,true,1.5134516438003454e-6,0.052261792,12635552,8485,61440,12288,4096
mixed_d5,mixed,D,asymmetric,5,3,12,4096,18,271845,reduced_conditional,1,0.12453184042652553,0.12452997658972591,2.490295954888263e-11,true,1.863836799620433e-6,0.055211,12635552,8485,61440,12288,4096
mixed_d5,mixed,D,asymmetric,5,3,12,4096,18,271845,current_indicator,2,0.12451171875,0.12452997658972591,2.490295954888263e-11,true,1.8257839725907554e-5,0.0873595,29921344,410160,NaN,NaN,NaN
mixed_d5,mixed,D,asymmetric,5,3,12,4096,19,271846,current_indicator,1,0.1240234375,0.12452997658972591,2.490295954888263e-11,true,0.0005065390897259076,0.087669542,29921344,410160,NaN,NaN,NaN
mixed_d5,mixed,D,asymmetric,5,3,12,4096,19,271846,reduced_conditional,2,0.12453230265445109,0.12452997658972591,2.490295954888263e-11,true,2.326064725180488e-6,0.051049958,12635552,8485,61440,12288,4096
mixed_d5,mixed,D,asymmetric,5,3,12,4096,20,271847,reduced_conditional,1,0.12452592058214101,0.12452997658972591,2.490295954888263e-11,true,4.056007584893329e-6,0.051041208,12635552,8485,61440,12288,4096
mixed_d5,mixed,D,asymmetric,5,3,12,4096,20,271847,current_indicator,2,0.12451171875,0.12452997658972591,2.490295954888263e-11,true,1.8257839725907554e-5,0.091024334,29921344,410160,NaN,NaN,NaN
mixed_d5,mixed,D,asymmetric,5,3,12,4096,21,271848,current_indicator,1,0.12451171875,0.12452997658972591,2.490295954888263e-11,true,1.8257839725907554e-5,0.08727625,29921344,410160,NaN,NaN,NaN
mixed_d5,mixed,D,asymmetric,5,3,12,4096,21,271848,reduced_conditional,2,0.12453057572669096,0.12452997658972591,2.490295954888263e-11,true,5.991369650543144e-7,0.051050875,12635552,8485,61440,12288,4096
mixed_d5,mixed,D,asymmetric,5,3,12,4096,22,271849,reduced_conditional,1,0.12453036214768909,0.12452997658972591,2.490295954888263e-11,true,3.855579631811823e-7,0.052752083,12635552,8485,61440,12288,4096
mixed_d5,mixed,D,asymmetric,5,3,12,4096,22,271849,current_indicator,2,0.124755859375,0.12452997658972591,2.490295954888263e-11,true,0.00022588278527409245,0.086880708,29921344,410160,NaN,NaN,NaN
mixed_d5,mixed,D,asymmetric,5,3,12,4096,23,271850,current_indicator,1,0.12353515625,0.12452997658972591,2.490295954888263e-11,true,0.0009948203397259076,0.0884595,29921344,410160,NaN,NaN,NaN
mixed_d5,mixed,D,asymmetric,5,3,12,4096,23,271850,reduced_conditional,2,0.12452755270818044,0.12452997658972591,2.490295954888263e-11,true,2.4238815454630247e-6,0.051237958,12635552,8485,61440,12288,4096
mixed_d5,mixed,D,asymmetric,5,3,12,4096,24,271851,reduced_conditional,1,0.12452336282517545,0.12452997658972591,2.490295954888263e-11,true,6.6137645504532605e-6,0.051026417,12635552,8485,61440,12288,4096
mixed_d5,mixed,D,asymmetric,5,3,12,4096,24,271851,current_indicator,2,0.125244140625,0.12452997658972591,2.490295954888263e-11,true,0.0007141640352740924,0.089392459,29921344,410160,NaN,NaN,NaN
mixed_d5,mixed,D,asymmetric,5,3,12,4096,25,271852,current_indicator,1,0.123291015625,0.12452997658972591,2.490295954888263e-11,true,0.0012389609647259076,0.089478875,29921344,410160,NaN,NaN,NaN
mixed_d5,mixed,D,asymmetric,5,3,12,4096,25,271852,reduced_conditional,2,0.12453228811078293,0.12452997658972591,2.490295954888263e-11,true,2.3115210570218148e-6,0.054004875,12635552,8485,61440,12288,4096
mixed_d5,mixed,D,asymmetric,5,3,12,4096,26,271853,reduced_conditional,1,0.12453009779297379,0.12452997658972591,2.490295954888263e-11,true,1.2120324788256198e-7,0.05124125,12635552,8485,61440,12288,4096
mixed_d5,mixed,D,asymmetric,5,3,12,4096,26,271853,current_indicator,2,0.125732421875,0.12452997658972591,2.490295954888263e-11,true,0.0012024452852740924,0.08806625,29921344,410160,NaN,NaN,NaN
mixed_d5,mixed,D,asymmetric,5,3,12,4096,27,271854,current_indicator,1,0.12451171875,0.12452997658972591,2.490295954888263e-11,true,1.8257839725907554e-5,0.089745709,29921344,410160,NaN,NaN,NaN
mixed_d5,mixed,D,asymmetric,5,3,12,4096,27,271854,reduced_conditional,2,0.12453169116805017,0.12452997658972591,2.490295954888263e-11,true,1.7145783242633605e-6,0.052988333,12635552,8485,61440,12288,4096
mixed_d5,mixed,D,asymmetric,5,3,12,4096,28,271855,reduced_conditional,1,0.12452866980430981,0.12452997658972591,2.490295954888263e-11,true,1.3067854160997427e-6,0.05167,12635552,8485,61440,12288,4096
mixed_d5,mixed,D,asymmetric,5,3,12,4096,28,271855,current_indicator,2,0.12451171875,0.12452997658972591,2.490295954888263e-11,true,1.8257839725907554e-5,0.088149834,29921344,410160,NaN,NaN,NaN
mixed_d5,mixed,D,asymmetric,5,3,12,4096,29,271856,current_indicator,1,0.124267578125,0.12452997658972591,2.490295954888263e-11,true,0.00026239846472590755,0.089627041,29921344,410160,NaN,NaN,NaN
mixed_d5,mixed,D,asymmetric,5,3,12,4096,29,271856,reduced_conditional,2,0.12452703644232782,0.12452997658972591,2.490295954888263e-11,true,2.940147398086679e-6,0.053092125,12635552,8485,61440,12288,4096
mixed_d5,mixed,D,asymmetric,5,3,12,4096,30,271857,reduced_conditional,1,0.12453392337007016,0.12452997658972591,2.490295954888263e-11,true,3.946780344252221e-6,0.243147958,12635552,8485,61440,12288,4096
mixed_d5,mixed,D,asymmetric,5,3,12,4096,30,271857,current_indicator,2,0.124267578125,0.12452997658972591,2.490295954888263e-11,true,0.00026239846472590755,0.087642791,29921344,410160,NaN,NaN,NaN
mixed_d5,mixed,D,asymmetric,5,3,14,16384,1,271828,current_indicator,1,0.1243896484375,0.12452997658972591,2.490295954888263e-11,true,0.00014032815222590755,0.362693584,121049792,1638990,NaN,NaN,NaN
mixed_d5,mixed,D,asymmetric,5,3,14,16384,1,271828,reduced_conditional,2,0.12452988968998001,0.12452997658972591,2.490295954888263e-11,true,8.68997458991494e-8,0.208433291,51367712,33079,245760,49152,16384
mixed_d5,mixed,D,asymmetric,5,3,14,16384,2,271829,reduced_conditional,1,0.12453023287260281,0.12452997658972591,2.490295954888263e-11,true,2.5628287690648843e-7,0.210255166,51367712,33079,245760,49152,16384
mixed_d5,mixed,D,asymmetric,5,3,14,16384,2,271829,current_indicator,2,0.12457275390625,0.12452997658972591,2.490295954888263e-11,true,4.2777316524092446e-5,0.363853959,121049792,1638990,NaN,NaN,NaN
mixed_d5,mixed,D,asymmetric,5,3,14,16384,3,271830,current_indicator,1,0.1248779296875,0.12452997658972591,2.490295954888263e-11,true,0.00034795309777409245,0.358978542,121049792,1638990,NaN,NaN,NaN
mixed_d5,mixed,D,asymmetric,5,3,14,16384,3,271830,reduced_conditional,2,0.12452985734227189,0.12452997658972591,2.490295954888263e-11,true,1.1924745402236425e-7,0.21119675,51367712,33079,245760,49152,16384
mixed_d5,mixed,D,asymmetric,5,3,14,16384,4,271831,reduced_conditional,1,0.1245292214702491,0.12452997658972591,2.490295954888263e-11,true,7.551194768085079e-7,0.394395708,51367712,33079,245760,49152,16384
mixed_d5,mixed,D,asymmetric,5,3,14,16384,4,271831,current_indicator,2,0.124267578125,0.12452997658972591,2.490295954888263e-11,true,0.00026239846472590755,0.359154583,121049792,1638990,NaN,NaN,NaN
mixed_d5,mixed,D,asymmetric,5,3,14,16384,5,271832,current_indicator,1,0.12396240234375,0.12452997658972591,2.490295954888263e-11,true,0.0005675742459759076,0.360495792,121049792,1638990,NaN,NaN,NaN
mixed_d5,mixed,D,asymmetric,5,3,14,16384,5,271832,reduced_conditional,2,0.12452998129587396,0.12452997658972591,2.490295954888263e-11,true,4.706148054589576e-9,0.208015583,51367712,33079,245760,49152,16384
mixed_d5,mixed,D,asymmetric,5,3,14,16384,6,271833,reduced_conditional,1,0.12452963536224283,0.12452997658972591,2.490295954888263e-11,true,3.412274830749684e-7,0.210025,51367712,33079,245760,49152,16384
mixed_d5,mixed,D,asymmetric,5,3,14,16384,6,271833,current_indicator,2,0.1246337890625,0.12452997658972591,2.490295954888263e-11,true,0.00010381247277409245,0.543353084,121049792,1638990,NaN,NaN,NaN
mixed_d5,mixed,D,asymmetric,5,3,14,16384,7,271834,current_indicator,1,0.1246337890625,0.12452997658972591,2.490295954888263e-11,true,0.00010381247277409245,0.363839292,121049792,1638990,NaN,NaN,NaN
mixed_d5,mixed,D,asymmetric,5,3,14,16384,7,271834,reduced_conditional,2,0.12452983740367739,0.12452997658972591,2.490295954888263e-11,true,1.391860485200347e-7,0.210896333,51367712,33079,245760,49152,16384
mixed_d5,mixed,D,asymmetric,5,3,14,16384,8,271835,reduced_conditional,1,0.12452985944882965,0.12452997658972591,2.490295954888263e-11,true,1.1714089626080337e-7,0.210400125,51367712,33079,245760,49152,16384
mixed_d5,mixed,D,asymmetric,5,3,14,16384,8,271835,current_indicator,2,0.12493896484375,0.12452997658972591,2.490295954888263e-11,true,0.00040898825402409245,0.355902667,121049792,1638990,NaN,NaN,NaN
mixed_d5,mixed,D,asymmetric,5,3,14,16384,9,271836,current_indicator,1,0.124267578125,0.12452997658972591,2.490295954888263e-11,true,0.00026239846472590755,0.542133625,121049792,1638990,NaN,NaN,NaN
mixed_d5,mixed,D,asymmetric,5,3,14,16384,9,271836,reduced_conditional,2,0.12453011167749167,0.12452997658972591,2.490295954888263e-11,true,1.350877657652072e-7,0.207366375,51367712,33079,245760,49152,16384
mixed_d5,mixed,D,asymmetric,5,3,14,16384,10,271837,reduced_conditional,1,0.12452974139575361,0.12452997658972591,2.490295954888263e-11,true,2.3519397229776473e-7,0.2122395,51367712,33079,245760,49152,16384
mixed_d5,mixed,D,asymmetric,5,3,14,16384,10,271837,current_indicator,2,0.1248779296875,0.12452997658972591,2.490295954888263e-11,true,0.00034795309777409245,0.35641975,121049792,1638990,NaN,NaN,NaN
mixed_d5,mixed,D,asymmetric,5,3,14,16384,11,271838,current_indicator,1,0.1248779296875,0.12452997658972591,2.490295954888263e-11,true,0.00034795309777409245,0.35661375,121049792,1638990,NaN,NaN,NaN
mixed_d5,mixed,D,asymmetric,5,3,14,16384,11,271838,reduced_conditional,2,0.1245300576904543,0.12452997658972591,2.490295954888263e-11,true,8.110072839684346e-8,0.211632125,51367712,33079,245760,49152,16384
mixed_d5,mixed,D,asymmetric,5,3,14,16384,12,271839,reduced_conditional,1,0.1245299813652628,0.12452997658972591,2.490295954888263e-11,true,4.775536896484134e-9,0.228413792,51367712,33079,245760,49152,16384
mixed_d5,mixed,D,asymmetric,5,3,14,16384,12,271839,current_indicator,2,0.12481689453125,0.12452997658972591,2.490295954888263e-11,true,0.00028691794152409245,0.511979875,121049792,1638990,NaN,NaN,NaN
mixed_d5,mixed,D,asymmetric,5,3,14,16384,13,271840,current_indicator,1,0.12420654296875,0.12452997658972591,2.490295954888263e-11,true,0.00032343362097590755,0.358082541,121049792,1638990,NaN,NaN,NaN
mixed_d5,mixed,D,asymmetric,5,3,14,16384,13,271840,reduced_conditional,2,0.12452932062085668,0.12452997658972591,2.490295954888263e-11,true,6.559688692231447e-7,0.212375583,51367712,33079,245760,49152,16384
mixed_d5,mixed,D,asymmetric,5,3,14,16384,14,271841,reduced_conditional,1,0.12452984143301873,0.12452997658972591,2.490295954888263e-11,true,1.3515670717334505e-7,0.207766417,51367712,33079,245760,49152,16384
mixed_d5,mixed,D,asymmetric,5,3,14,16384,14,271841,current_indicator,2,0.12493896484375,0.12452997658972591,2.490295954888263e-11,true,0.00040898825402409245,0.380836792,121049792,1638990,NaN,NaN,NaN
mixed_d5,mixed,D,asymmetric,5,3,14,16384,15,271842,current_indicator,1,0.12469482421875,0.12452997658972591,2.490295954888263e-11,true,0.00016484762902409245,0.513115792,121049792,1638990,NaN,NaN,NaN
mixed_d5,mixed,D,asymmetric,5,3,14,16384,15,271842,reduced_conditional,2,0.12452970898583952,0.12452997658972591,2.490295954888263e-11,true,2.676038863835828e-7,0.212584,51367712,33079,245760,49152,16384
mixed_d5,mixed,D,asymmetric,5,3,14,16384,16,271843,reduced_conditional,1,0.1245299612818013,0.12452997658972591,2.490295954888263e-11,true,1.5307924608465306e-8,0.208072542,51367712,33079,245760,49152,16384
mixed_d5,mixed,D,asymmetric,5,3,14,16384,16,271843,current_indicator,2,0.12451171875,0.12452997658972591,2.490295954888263e-11,true,1.8257839725907554e-5,0.354579416,121049792,1638990,NaN,NaN,NaN
mixed_d5,mixed,D,asymmetric,5,3,14,16384,17,271844,current_indicator,1,0.12481689453125,0.12452997658972591,2.490295954888263e-11,true,0.00028691794152409245,0.381599166,121049792,1638990,NaN,NaN,NaN
mixed_d5,mixed,D,asymmetric,5,3,14,16384,17,271844,reduced_conditional,2,0.12452956326161159,0.12452997658972591,2.490295954888263e-11,true,4.1332811431815664e-7,0.368926166,51367712,33079,245760,49152,16384
mixed_d5,mixed,D,asymmetric,5,3,14,16384,18,271845,reduced_conditional,1,0.12452991266562723,0.12452997658972591,2.490295954888263e-11,true,6.392409868105631e-8,0.206923792,51367712,33079,245760,49152,16384
mixed_d5,mixed,D,asymmetric,5,3,14,16384,18,271845,current_indicator,2,0.12493896484375,0.12452997658972591,2.490295954888263e-11,true,0.00040898825402409245,0.355916833,121049792,1638990,NaN,NaN,NaN
mixed_d5,mixed,D,asymmetric,5,3,14,16384,19,271846,current_indicator,1,0.12420654296875,0.12452997658972591,2.490295954888263e-11,true,0.00032343362097590755,0.358737417,121049792,1638990,NaN,NaN,NaN
mixed_d5,mixed,D,asymmetric,5,3,14,16384,19,271846,reduced_conditional,2,0.12453000897255996,0.12452997658972591,2.490295954888263e-11,true,3.238283405315734e-8,0.210180333,51367712,33079,245760,49152,16384
mixed_d5,mixed,D,asymmetric,5,3,14,16384,20,271847,reduced_conditional,1,0.12452982232208182,0.12452997658972591,2.490295954888263e-11,true,1.542676440896562e-7,0.207594917,51367712,33079,245760,49152,16384
mixed_d5,mixed,D,asymmetric,5,3,14,16384,20,271847,current_indicator,2,0.125244140625,0.12452997658972591,2.490295954888263e-11,true,0.0007141640352740924,0.5388955,121049792,1638990,NaN,NaN,NaN
mixed_d5,mixed,D,asymmetric,5,3,14,16384,21,271848,current_indicator,1,0.12457275390625,0.12452997658972591,2.490295954888263e-11,true,4.2777316524092446e-5,0.357674083,121049792,1638990,NaN,NaN,NaN
mixed_d5,mixed,D,asymmetric,5,3,14,16384,21,271848,reduced_conditional,2,0.12453003208971537,0.12452997658972591,2.490295954888263e-11,true,5.549998946530188e-8,0.214795292,51367712,33079,245760,49152,16384
mixed_d5,mixed,D,asymmetric,5,3,14,16384,22,271849,reduced_conditional,1,0.12453015106938373,0.12452997658972591,2.490295954888263e-11,true,1.7447965781902663e-7,0.211301542,51367712,33079,245760,49152,16384
mixed_d5,mixed,D,asymmetric,5,3,14,16384,22,271849,current_indicator,2,0.1243896484375,0.12452997658972591,2.490295954888263e-11,true,0.00014032815222590755,0.356642125,121049792,1638990,NaN,NaN,NaN
mixed_d5,mixed,D,asymmetric,5,3,14,16384,23,271850,current_indicator,1,0.12493896484375,0.12452997658972591,2.490295954888263e-11,true,0.00040898825402409245,0.385388875,121049792,1638990,NaN,NaN,NaN
mixed_d5,mixed,D,asymmetric,5,3,14,16384,23,271850,reduced_conditional,2,0.12453031975675975,0.12452997658972591,2.490295954888263e-11,true,3.4316703384495995e-7,0.367696042,51367712,33079,245760,49152,16384
mixed_d5,mixed,D,asymmetric,5,3,14,16384,24,271851,reduced_conditional,1,0.12453005545571753,0.12452997658972591,2.490295954888263e-11,true,7.886599162620911e-8,0.207725834,51367712,33079,245760,49152,16384
mixed_d5,mixed,D,asymmetric,5,3,14,16384,24,271851,current_indicator,2,0.124267578125,0.12452997658972591,2.490295954888263e-11,true,0.00026239846472590755,0.3561355,121049792,1638990,NaN,NaN,NaN
mixed_d5,mixed,D,asymmetric,5,3,14,16384,25,271852,current_indicator,1,0.12493896484375,0.12452997658972591,2.490295954888263e-11,true,0.00040898825402409245,0.358827292,121049792,1638990,NaN,NaN,NaN
mixed_d5,mixed,D,asymmetric,5,3,14,16384,25,271852,reduced_conditional,2,0.12452946154313825,0.12452997658972591,2.490295954888263e-11,true,5.150465876568866e-7,0.210635041,51367712,33079,245760,49152,16384
mixed_d5,mixed,D,asymmetric,5,3,14,16384,26,271853,reduced_conditional,1,0.12453014222872315,0.12452997658972591,2.490295954888263e-11,true,1.6563899724042486e-7,0.207426042,51367712,33079,245760,49152,16384
mixed_d5,mixed,D,asymmetric,5,3,14,16384,26,271853,current_indicator,2,0.124755859375,0.12452997658972591,2.490295954888263e-11,true,0.00022588278527409245,0.537593,121049792,1638990,NaN,NaN,NaN
mixed_d5,mixed,D,asymmetric,5,3,14,16384,27,271854,current_indicator,1,0.1243896484375,0.12452997658972591,2.490295954888263e-11,true,0.00014032815222590755,0.359526458,121049792,1638990,NaN,NaN,NaN
mixed_d5,mixed,D,asymmetric,5,3,14,16384,27,271854,reduced_conditional,2,0.12453016749631453,0.12452997658972591,2.490295954888263e-11,true,1.9090658862075394e-7,0.207769041,51367712,33079,245760,49152,16384
mixed_d5,mixed,D,asymmetric,5,3,14,16384,28,271855,reduced_conditional,1,0.12453005008881189,0.12452997658972591,2.490295954888263e-11,true,7.349908598408561e-8,0.206460666,51367712,33079,245760,49152,16384
mixed_d5,mixed,D,asymmetric,5,3,14,16384,28,271855,current_indicator,2,0.12506103515625,0.12452997658972591,2.490295954888263e-11,true,0.0005310585665240924,0.358887875,121049792,1638990,NaN,NaN,NaN
mixed_d5,mixed,D,asymmetric,5,3,14,16384,29,271856,current_indicator,1,0.1241455078125,0.12452997658972591,2.490295954888263e-11,true,0.00038446877722590755,0.361329,121049792,1638990,NaN,NaN,NaN
mixed_d5,mixed,D,asymmetric,5,3,14,16384,29,271856,reduced_conditional,2,0.12452988408900503,0.12452997658972591,2.490295954888263e-11,true,9.250072087463312e-8,0.236369667,51367712,33079,245760,49152,16384
mixed_d5,mixed,D,asymmetric,5,3,14,16384,30,271857,reduced_conditional,1,0.12452913453878785,0.12452997658972591,2.490295954888263e-11,true,8.420509380602237e-7,0.364109083,51367712,33079,245760,49152,16384
mixed_d5,mixed,D,asymmetric,5,3,14,16384,30,271857,current_indicator,2,0.12469482421875,0.12452997658972591,2.490295954888263e-11,true,0.00016484762902409245,0.35470275,121049792,1638990,NaN,NaN,NaN
mixed_d5,mixed,D,asymmetric,5,3,16,65536,1,271828,current_indicator,1,0.1247100830078125,0.12452997658972591,2.490295954888263e-11,true,0.00018010641808659245,1.736161708,504042816,6554220,NaN,NaN,NaN
mixed_d5,mixed,D,asymmetric,5,3,16,65536,1,271828,reduced_conditional,2,0.12452993988870528,0.12452997658972591,2.490295954888263e-11,true,3.6701020625362624e-8,0.919826125,209834144,131401,983040,196608,65536
mixed_d5,mixed,D,asymmetric,5,3,16,65536,2,271829,reduced_conditional,1,0.12452996373318276,0.12452997658972591,2.490295954888263e-11,true,1.2856543149530886e-8,1.043397208,209834144,131401,983040,196608,65536
mixed_d5,mixed,D,asymmetric,5,3,16,65536,2,271829,current_indicator,2,0.1245880126953125,0.12452997658972591,2.490295954888263e-11,true,5.8036105586592446e-5,1.698302625,497751360,6554220,NaN,NaN,NaN
mixed_d5,mixed,D,asymmetric,5,3,16,65536,3,271830,current_indicator,1,0.1246185302734375,0.12452997658972591,2.490295954888263e-11,true,8.855368371159245e-5,1.710799541,491459904,6554220,NaN,NaN,NaN
mixed_d5,mixed,D,asymmetric,5,3,16,65536,3,271830,reduced_conditional,2,0.1245300021318679,0.12452997658972591,2.490295954888263e-11,true,2.55421419986801e-8,1.055718542,209834144,131401,983040,196608,65536
mixed_d5,mixed,D,asymmetric,5,3,16,65536,4,271831,reduced_conditional,1,0.12453002844880635,0.12452997658972591,2.490295954888263e-11,true,5.1859080446581274e-8,0.911632875,209834144,131401,983040,196608,65536
mixed_d5,mixed,D,asymmetric,5,3,16,65536,4,271831,current_indicator,2,0.124267578125,0.12452997658972591,2.490295954888263e-11,true,0.00026239846472590755,1.862266417,494605632,6554220,NaN,NaN,NaN
mixed_d5,mixed,D,asymmetric,5,3,16,65536,5,271832,current_indicator,1,0.1246185302734375,0.12452997658972591,2.490295954888263e-11,true,8.855368371159245e-5,1.526699416,496178496,6554220,NaN,NaN,NaN
mixed_d5,mixed,D,asymmetric,5,3,16,65536,5,271832,reduced_conditional,2,0.12452993945623068,0.12452997658972591,2.490295954888263e-11,true,3.713349522316278e-8,1.065689917,209834144,131401,983040,196608,65536
mixed_d5,mixed,D,asymmetric,5,3,16,65536,6,271833,reduced_conditional,1,0.12452990725468047,0.12452997658972591,2.490295954888263e-11,true,6.933504544115454e-8,0.887706125,209834144,131401,983040,196608,65536
mixed_d5,mixed,D,asymmetric,5,3,16,65536,6,271833,current_indicator,2,0.1246337890625,0.12452997658972591,2.490295954888263e-11,true,0.00010381247277409245,1.711168167,493032768,6554220,NaN,NaN,NaN
mixed_d5,mixed,D,asymmetric,5,3,16,65536,7,271834,current_indicator,1,0.1244354248046875,0.12452997658972591,2.490295954888263e-11,true,9.455178503840755e-5,1.821393291,494605632,6554220,NaN,NaN,NaN
mixed_d5,mixed,D,asymmetric,5,3,16,65536,7,271834,reduced_conditional,2,0.1245300691817337,0.12452997658972591,2.490295954888263e-11,true,9.259200779709875e-8,1.069640167,209834144,131401,983040,196608,65536
mixed_d5,mixed,D,asymmetric,5,3,16,65536,8,271835,reduced_conditional,1,0.12452991867560351,0.12452997658972591,2.490295954888263e-11,true,5.79141224005264e-8,0.888357708,209834144,131401,983040,196608,65536
mixed_d5,mixed,D,asymmetric,5,3,16,65536,8,271835,current_indicator,2,0.124542236328125,0.12452997658972591,2.490295954888263e-11,true,1.2259738399092446e-5,1.70350275,493032768,6554220,NaN,NaN,NaN
mixed_d5,mixed,D,asymmetric,5,3,16,65536,9,271836,current_indicator,1,0.124481201171875,0.12452997658972591,2.490295954888263e-11,true,4.8775417850907554e-5,1.869933667,494605632,6554220,NaN,NaN,NaN
mixed_d5,mixed,D,asymmetric,5,3,16,65536,9,271836,reduced_conditional,2,0.12453003065791488,0.12452997658972591,2.490295954888263e-11,true,5.4068188967693054e-8,0.879591291,209834144,131401,983040,196608,65536
mixed_d5,mixed,D,asymmetric,5,3,16,65536,10,271837,reduced_conditional,1,0.12452999868532483,0.12452997658972591,2.490295954888263e-11,true,2.209559891996893e-8,1.059003833,209834144,131401,983040,196608,65536
mixed_d5,mixed,D,asymmetric,5,3,16,65536,10,271837,current_indicator,2,0.12457275390625,0.12452997658972591,2.490295954888263e-11,true,4.2777316524092446e-5,1.712814291,494605632,6554220,NaN,NaN,NaN
mixed_d5,mixed,D,asymmetric,5,3,16,65536,11,271838,current_indicator,1,0.12451171875,0.12452997658972591,2.490295954888263e-11,true,1.8257839725907554e-5,1.695066792,493032768,6554220,NaN,NaN,NaN
mixed_d5,mixed,D,asymmetric,5,3,16,65536,11,271838,reduced_conditional,2,0.1245299967223068,0.12452997658972591,2.490295954888263e-11,true,2.0132580894061114e-8,0.900468125,209834144,131401,983040,196608,65536
mixed_d5,mixed,D,asymmetric,5,3,16,65536,12,271839,reduced_conditional,1,0.12452993480974514,0.12452997658972591,2.490295954888263e-11,true,4.1779980766709635e-8,1.088572667,209834144,131401,983040,196608,65536
mixed_d5,mixed,D,asymmetric,5,3,16,65536,12,271839,current_indicator,2,0.1246795654296875,0.12452997658972591,2.490295954888263e-11,true,0.00014958883996159245,1.852952,493032768,6554220,NaN,NaN,NaN
mixed_d5,mixed,D,asymmetric,5,3,16,65536,13,271840,current_indicator,1,0.1246795654296875,0.12452997658972591,2.490295954888263e-11,true,0.00014958883996159245,1.702101209,493032768,6554220,NaN,NaN,NaN
mixed_d5,mixed,D,asymmetric,5,3,16,65536,13,271840,reduced_conditional,2,0.12452998937005309,0.12452997658972591,2.490295954888263e-11,true,1.2780327185435425e-8,1.046931292,209834144,131401,983040,196608,65536
mixed_d5,mixed,D,asymmetric,5,3,16,65536,14,271841,reduced_conditional,1,0.12453000746049411,0.12452997658972591,2.490295954888263e-11,true,3.08707682056264e-8,1.068813125,209834144,131401,983040,196608,65536
mixed_d5,mixed,D,asymmetric,5,3,16,65536,14,271841,current_indicator,2,0.1244964599609375,0.12452997658972591,2.490295954888263e-11,true,3.3516628788407554e-5,1.651313416,491459904,6554220,NaN,NaN,NaN
mixed_d5,mixed,D,asymmetric,5,3,16,65536,15,271842,current_indicator,1,0.1244049072265625,0.12452997658972591,2.490295954888263e-11,true,0.00012506936316340755,1.709510125,494605632,6554220,NaN,NaN,NaN
mixed_d5,mixed,D,asymmetric,5,3,16,65536,15,271842,reduced_conditional,2,0.12452990847245063,0.12452997658972591,2.490295954888263e-11,true,6.81172752786674e-8,1.058712333,209834144,131401,983040,196608,65536
mixed_d5,mixed,D,asymmetric,5,3,16,65536,16,271843,reduced_conditional,1,0.12452990621708498,0.12452997658972591,2.490295954888263e-11,true,7.037264092291107e-8,1.01525275,209834144,131401,983040,196608,65536
mixed_d5,mixed,D,asymmetric,5,3,16,65536,16,271843,current_indicator,2,0.1244354248046875,0.12452997658972591,2.490295954888263e-11,true,9.455178503840755e-5,1.649610125,493032768,6554220,NaN,NaN,NaN
mixed_d5,mixed,D,asymmetric,5,3,16,65536,17,271844,current_indicator,1,0.124603271484375,0.12452997658972591,2.490295954888263e-11,true,7.329489464909245e-5,1.706049041,494605632,6554220,NaN,NaN,NaN
mixed_d5,mixed,D,asymmetric,5,3,16,65536,17,271844,reduced_conditional,2,0.12453002356020693,0.12452997658972591,2.490295954888263e-11,true,4.6970481018537846e-8,1.058082458,209834144,131401,983040,196608,65536
mixed_d5,mixed,D,asymmetric,5,3,16,65536,18,271845,reduced_conditional,1,0.12453002411067282,0.12452997658972591,2.490295954888263e-11,true,4.752094691362618e-8,0.898072667,209834144,131401,983040,196608,65536
mixed_d5,mixed,D,asymmetric,5,3,16,65536,18,271845,current_indicator,2,0.1243896484375,0.12452997658972591,2.490295954888263e-11,true,0.00014032815222590755,1.855011,493032768,6554220,NaN,NaN,NaN
mixed_d5,mixed,D,asymmetric,5,3,16,65536,19,271846,current_indicator,1,0.1245269775390625,0.12452997658972591,2.490295954888263e-11,true,2.9990506634075542e-6,1.700567791,494605632,6554220,NaN,NaN,NaN
mixed_d5,mixed,D,asymmetric,5,3,16,65536,19,271846,reduced_conditional,2,0.12452997590370928,0.12452997658972591,2.490295954888263e-11,true,6.860166323896522e-10,1.081198875,209834144,131401,983040,196608,65536
mixed_d5,mixed,D,asymmetric,5,3,16,65536,20,271847,reduced_conditional,1,0.12452999290293017,0.12452997658972591,2.490295954888263e-11,true,1.6313204259654768e-8,1.088804667,209834144,131401,983040,196608,65536
mixed_d5,mixed,D,asymmetric,5,3,16,65536,20,271847,current_indicator,2,0.1248016357421875,0.12452997658972591,2.490295954888263e-11,true,0.00027165915246159245,1.695521667,493032768,6554220,NaN,NaN,NaN
mixed_d5,mixed,D,asymmetric,5,3,16,65536,21,271848,current_indicator,1,0.124359130859375,0.12452997658972591,2.490295954888263e-11,true,0.00017084573035090755,1.699037833,494605632,6554220,NaN,NaN,NaN
mixed_d5,mixed,D,asymmetric,5,3,16,65536,21,271848,reduced_conditional,2,0.12453000084946683,0.12452997658972591,2.490295954888263e-11,true,2.4259740924459372e-8,1.069352084,209834144,131401,983040,196608,65536
mixed_d5,mixed,D,asymmetric,5,3,16,65536,22,271849,reduced_conditional,1,0.12452989964974863,0.12452997658972591,2.490295954888263e-11,true,7.69399772782009e-8,0.890763209,209834144,131401,983040,196608,65536
mixed_d5,mixed,D,asymmetric,5,3,16,65536,22,271849,current_indicator,2,0.1244964599609375,0.12452997658972591,2.490295954888263e-11,true,3.3516628788407554e-5,1.730252792,493032768,6554220,NaN,NaN,NaN
mixed_d5,mixed,D,asymmetric,5,3,16,65536,23,271850,current_indicator,1,0.1244354248046875,0.12452997658972591,2.490295954888263e-11,true,9.455178503840755e-5,1.884357708,494605632,6554220,NaN,NaN,NaN
mixed_d5,mixed,D,asymmetric,5,3,16,65536,23,271850,reduced_conditional,2,0.12452993158221479,0.12452997658972591,2.490295954888263e-11,true,4.500751112079815e-8,0.87378375,209834144,131401,983040,196608,65536
mixed_d5,mixed,D,asymmetric,5,3,16,65536,24,271851,reduced_conditional,1,0.12452992295755999,0.12452997658972591,2.490295954888263e-11,true,5.363216591669495e-8,1.065720125,209834144,131401,983040,196608,65536
mixed_d5,mixed,D,asymmetric,5,3,16,65536,24,271851,current_indicator,2,0.124481201171875,0.12452997658972591,2.490295954888263e-11,true,4.8775417850907554e-5,1.724686041,493032768,6554220,NaN,NaN,NaN
mixed_d5,mixed,D,asymmetric,5,3,16,65536,25,271852,current_indicator,1,0.12451171875,0.12452997658972591,2.490295954888263e-11,true,1.8257839725907554e-5,1.695501167,494605632,6554220,NaN,NaN,NaN
mixed_d5,mixed,D,asymmetric,5,3,16,65536,25,271852,reduced_conditional,2,0.12452993312604352,0.12452997658972591,2.490295954888263e-11,true,4.346368238927756e-8,0.899709334,209834144,131401,983040,196608,65536
mixed_d5,mixed,D,asymmetric,5,3,16,65536,26,271853,reduced_conditional,1,0.12452990312013888,0.12452997658972591,2.490295954888263e-11,true,7.346958702525441e-8,1.038447083,209834144,131401,983040,196608,65536
mixed_d5,mixed,D,asymmetric,5,3,16,65536,26,271853,current_indicator,2,0.12432861328125,0.12452997658972591,2.490295954888263e-11,true,0.00020136330847590755,1.70726175,493032768,6554220,NaN,NaN,NaN
mixed_d5,mixed,D,asymmetric,5,3,16,65536,27,271854,current_indicator,1,0.12432861328125,0.12452997658972591,2.490295954888263e-11,true,0.00020136330847590755,1.869739125,491459904,6554220,NaN,NaN,NaN
mixed_d5,mixed,D,asymmetric,5,3,16,65536,27,271854,reduced_conditional,2,0.12452999878045586,0.12452997658972591,2.490295954888263e-11,true,2.2190729948023957e-8,0.91295225,209834144,131401,983040,196608,65536
mixed_d5,mixed,D,asymmetric,5,3,16,65536,28,271855,reduced_conditional,1,0.12452992819096952,0.12452997658972591,2.490295954888263e-11,true,4.8398756391510034e-8,1.036056167,209834144,131401,983040,196608,65536
mixed_d5,mixed,D,asymmetric,5,3,16,65536,28,271855,current_indicator,2,0.124298095703125,0.12452997658972591,2.490295954888263e-11,true,0.00023188088660090755,1.678913208,493032768,6554220,NaN,NaN,NaN
mixed_d5,mixed,D,asymmetric,5,3,16,65536,29,271856,current_indicator,1,0.1244049072265625,0.12452997658972591,2.490295954888263e-11,true,0.00012506936316340755,1.828125792,493032768,6554220,NaN,NaN,NaN
mixed_d5,mixed,D,asymmetric,5,3,16,65536,29,271856,reduced_conditional,2,0.12452993826807442,0.12452997658972591,2.490295954888263e-11,true,3.83216514909801e-8,0.885864167,209834144,131401,983040,196608,65536
mixed_d5,mixed,D,asymmetric,5,3,16,65536,30,271857,reduced_conditional,1,0.12452996695757089,0.12452997658972591,2.490295954888263e-11,true,9.632155018035604e-9,1.072359084,209834144,131401,983040,196608,65536
mixed_d5,mixed,D,asymmetric,5,3,16,65536,30,271857,current_indicator,2,0.124603271484375,0.12452997658972591,2.490295954888263e-11,true,7.329489464909245e-5,1.710263,491459904,6554220,NaN,NaN,NaN
