case_id,design,model,point,paper_group,d,conditioning_dimension,lower,upper,is_rectangle,terminal_pair,default_order
gaussian_moderate_d4,gaussian_moderate,D,center,main,4,2,0.0|0.0|0.0|0.0,0.55|0.55|0.55|0.55,false,"GaussianCopula{2, Matrix{Float64}}",2-3
gaussian_tail_d4,gaussian_moderate,D,lower_asymmetric,main,4,2,0.0|0.0|0.0|0.0,0.12|0.32|0.52|0.72,false,"GaussianCopula{2, Matrix{Float64}}",2-3
gaussian_rectangle_d4,gaussian_moderate,D,rectangle,main,4,2,0.08|0.08|0.08|0.08,0.48|0.6133333333333333|0.7466666666666667|0.88,true,"GaussianCopula{2, Matrix{Float64}}",2-3
gaussian_strong_d4,gaussian_strong,D,upper,main,4,2,0.0|0.0|0.0|0.0,0.72|0.72|0.72|0.72,false,"GaussianCopula{2, Matrix{Float64}}",2-3
gaussian_moderate_d5,gaussian_moderate,D,center,main,5,3,0.0|0.0|0.0|0.0|0.0,0.55|0.55|0.55|0.55|0.55,false,"GaussianCopula{2, Matrix{Float64}}",2-3-4
gaussian_tail_d5,gaussian_moderate,D,lower_asymmetric,main,5,3,0.0|0.0|0.0|0.0|0.0,0.12|0.27|0.42|0.57|0.72,false,"GaussianCopula{2, Matrix{Float64}}",2-3-4
gaussian_rectangle_d5,gaussian_moderate,D,rectangle,main,5,3,0.08|0.08|0.08|0.08|0.08,0.48|0.58|0.68|0.78|0.88,true,"GaussianCopula{2, Matrix{Float64}}",2-3-4
gaussian_strong_d5,gaussian_strong,D,upper,main,5,3,0.0|0.0|0.0|0.0|0.0,0.72|0.72|0.72|0.72|0.72,false,"GaussianCopula{2, Matrix{Float64}}",2-3-4
gaussian_moderate_d10,gaussian_moderate,D,center,main,10,8,0.0|0.0|0.0|0.0|0.0|0.0|0.0|0.0|0.0|0.0,0.55|0.55|0.55|0.55|0.55|0.55|0.55|0.55|0.55|0.55,false,"GaussianCopula{2, Matrix{Float64}}",2-3-4-5-6-7-8-9
gaussian_tail_d10,gaussian_moderate,D,lower_asymmetric,main,10,8,0.0|0.0|0.0|0.0|0.0|0.0|0.0|0.0|0.0|0.0,0.12|0.18666666666666668|0.25333333333333335|0.32|0.38666666666666666|0.4533333333333333|0.52|0.5866666666666667|0.6533333333333333|0.72,false,"GaussianCopula{2, Matrix{Float64}}",2-3-4-5-6-7-8-9
gaussian_rectangle_d10,gaussian_moderate,D,rectangle,main,10,8,0.08|0.08|0.08|0.08|0.08|0.08|0.08|0.08|0.08|0.08,0.48|0.5244444444444445|0.5688888888888889|0.6133333333333333|0.6577777777777778|0.7022222222222222|0.7466666666666667|0.7911111111111111|0.8355555555555556|0.88,true,"GaussianCopula{2, Matrix{Float64}}",2-3-4-5-6-7-8-9
gaussian_strong_d10,gaussian_strong,D,upper,main,10,8,0.0|0.0|0.0|0.0|0.0|0.0|0.0|0.0|0.0|0.0,0.72|0.72|0.72|0.72|0.72|0.72|0.72|0.72|0.72|0.72,false,"GaussianCopula{2, Matrix{Float64}}",2-3-4-5-6-7-8-9
gaussian_moderate_d20,gaussian_moderate,D,center,main,20,18,0.0|0.0|0.0|0.0|0.0|0.0|0.0|0.0|0.0|0.0|0.0|0.0|0.0|0.0|0.0|0.0|0.0|0.0|0.0|0.0,0.55|0.55|0.55|0.55|0.55|0.55|0.55|0.55|0.55|0.55|0.55|0.55|0.55|0.55|0.55|0.55|0.55|0.55|0.55|0.55,false,"GaussianCopula{2, Matrix{Float64}}",2-3-4-5-6-7-8-9-10-11-12-13-14-15-16-17-18-19
gaussian_tail_d20,gaussian_moderate,D,lower_asymmetric,main,20,18,0.0|0.0|0.0|0.0|0.0|0.0|0.0|0.0|0.0|0.0|0.0|0.0|0.0|0.0|0.0|0.0|0.0|0.0|0.0|0.0,0.12|0.15157894736842106|0.1831578947368421|0.21473684210526317|0.2463157894736842|0.27789473684210525|0.3094736842105263|0.3410526315789474|0.3726315789473684|0.40421052631578946|0.4357894736842105|0.4673684210526316|0.49894736842105264|0.5305263157894737|0.5621052631578948|0.5936842105263158|0.6252631578947369|0.6568421052631579|0.6884210526315789|0.72,false,"GaussianCopula{2, Matrix{Float64}}",2-3-4-5-6-7-8-9-10-11-12-13-14-15-16-17-18-19
gaussian_rectangle_d20,gaussian_moderate,D,rectangle,main,20,18,0.08|0.08|0.08|0.08|0.08|0.08|0.08|0.08|0.08|0.08|0.08|0.08|0.08|0.08|0.08|0.08|0.08|0.08|0.08|0.08,0.48|0.5010526315789474|0.5221052631578947|0.5431578947368421|0.5642105263157895|0.5852631578947368|0.6063157894736843|0.6273684210526316|0.6484210526315789|0.6694736842105263|0.6905263157894737|0.7115789473684211|0.7326315789473684|0.7536842105263157|0.7747368421052632|0.7957894736842105|0.8168421052631579|0.8378947368421052|0.8589473684210527|0.88,true,"GaussianCopula{2, Matrix{Float64}}",2-3-4-5-6-7-8-9-10-11-12-13-14-15-16-17-18-19
gaussian_strong_d20,gaussian_strong,D,upper,main,20,18,0.0|0.0|0.0|0.0|0.0|0.0|0.0|0.0|0.0|0.0|0.0|0.0|0.0|0.0|0.0|0.0|0.0|0.0|0.0|0.0,0.72|0.72|0.72|0.72|0.72|0.72|0.72|0.72|0.72|0.72|0.72|0.72|0.72|0.72|0.72|0.72|0.72|0.72|0.72|0.72,false,"GaussianCopula{2, Matrix{Float64}}",2-3-4-5-6-7-8-9-10-11-12-13-14-15-16-17-18-19
mixed_d5,mixed,D,asymmetric,main,5,3,0.0|0.0|0.0|0.0|0.0,0.25|0.395|0.54|0.685|0.83,false,"FrankCopula{2, Float64}",2-3-4
mixed_d10,mixed,D,asymmetric,main,10,8,0.0|0.0|0.0|0.0|0.0|0.0|0.0|0.0|0.0|0.0,0.25|0.31444444444444447|0.3788888888888889|0.44333333333333336|0.5077777777777778|0.5722222222222222|0.6366666666666667|0.7011111111111111|0.7655555555555555|0.83,false,"FrankCopula{2, Float64}",2-3-4-5-6-7-8-9
mixed_d20,mixed,D,asymmetric,main,20,18,0.0|0.0|0.0|0.0|0.0|0.0|0.0|0.0|0.0|0.0|0.0|0.0|0.0|0.0|0.0|0.0|0.0|0.0|0.0|0.0,0.25|0.2805263157894737|0.31105263157894736|0.34157894736842104|0.3721052631578947|0.4026315789473684|0.43315789473684213|0.4636842105263158|0.4942105263157895|0.5247368421052632|0.5552631578947368|0.5857894736842105|0.6163157894736843|0.6468421052631579|0.6773684210526316|0.7078947368421052|0.738421052631579|0.7689473684210526|0.7994736842105263|0.83,false,"FrankCopula{2, Float64}",2-3-4-5-6-7-8-9-10-11-12-13-14-15-16-17-18-19
genuine_rvine_d5,genuine_rvine,R,asymmetric,main,5,3,0.0|0.0|0.0|0.0|0.0,0.36|0.61|0.47|0.73|0.58,false,"ClaytonCopula{2, Float64}",2-3-4
