d,s,model,probability_type,exact_formula_applicable,observed_hfunc_per_point,expected_hfunc_per_point,hfunc_difference,observed_hinv_per_point,expected_hinv_per_point,hinv_difference,observed_total_h_hinv_per_point,expected_total_h_hinv_per_point,total_difference,observed_pair_cdf_per_point,expected_pair_cdf_per_point,pair_cdf_difference
4,2,D,cdf,true,7.0,7.0,0.0,1.0,1.0,0.0,8.0,8.0,0.0,1.0,1.0,0.0
4,2,D,rectangle,true,12.0,12,0.0,1.0,1.0,0.0,13.0,13.0,0.0,4.0,4.0,0.0
5,3,D,cdf,true,15.0,15.0,0.0,3.0,3.0,0.0,18.0,18.0,0.0,1.0,1.0,0.0
5,3,D,rectangle,true,24.0,24,0.0,3.0,3.0,0.0,27.0,27.0,0.0,4.0,4.0,0.0
5,3,R,cdf,false,14.0,NaN,NaN,3.0,NaN,NaN,17.0,NaN,NaN,1.0,1.0,0.0
10,8,D,cdf,true,100.0,100.0,0.0,28.0,28.0,0.0,128.0,128.0,0.0,1.0,1.0,0.0
10,8,D,rectangle,true,144.0,144,0.0,28.0,28.0,0.0,172.0,172.0,0.0,4.0,4.0,0.0
20,18,D,cdf,true,495.0,495.0,0.0,153.0,153.0,0.0,648.0,648.0,0.0,1.0,1.0,0.0
20,18,D,rectangle,true,684.0,684,0.0,153.0,153.0,0.0,837.0,837.0,0.0,4.0,4.0,0.0
